"Data","Último","Abertura","Máxima","Mínima","Vol.","Var%"
"19.07.2018","39,3010","0,0000","39,5091","38,9371","","-0,33%"
"20.07.2018","39,5894","0,0000","39,6190","39,0773","","0,73%"
"23.07.2018","39,3573","0,0000","39,7094","39,2782","","-0,59%"
"24.07.2018","39,3573","0,0000","39,5271","39,1548","","0,00%"
"25.07.2018","39,5827","0,0000","39,6798","39,3091","","0,57%"
"26.07.2018","39,2969","0,0000","39,7113","39,2808","","-0,72%"
"27.07.2018","39,3194","0,0000","39,4567","39,1252","","0,06%"
"30.07.2018","39,2657","0,0000","39,3875","39,1776","","-0,14%"
"31.07.2018","39,3335","0,0000","39,4914","39,0438","","0,17%"
"01.08.2018","39,0789","0,0000","39,3782","39,0696","","-0,65%"
"02.08.2018","38,8133","0,0000","39,2567","38,7995","","-0,68%"
"03.08.2018","38,9998","0,0000","39,2242","38,7095","","0,48%"
"06.08.2018","38,7770","0,0000","39,1548","38,7767","","-0,57%"
"07.08.2018","38,9230","0,0000","39,1004","38,8169","","0,38%"
"08.08.2018","39,0053","0,0000","39,0908","38,7699","","0,21%"
"09.08.2018","38,9657","0,0000","39,1364","38,9136","","-0,10%"
"10.08.2018","38,9297","0,0000","39,1284","38,7545","","-0,09%"
"13.08.2018","38,3635","0,0000","39,0255","38,3028","","-1,45%"
"14.08.2018","38,3761","0,0000","38,5371","38,3153","","0,03%"
"15.08.2018","37,7540","0,0000","38,4079","37,7041","","-1,62%"
"16.08.2018","37,7308","0,0000","38,0018","37,2936","","-0,06%"
"17.08.2018","38,0777","0,0000","38,0986","37,6681","","0,92%"
"20.08.2018","38,2648","0,0000","38,2870","38,0112","","0,49%"
"21.08.2018","38,4433","0,0000","38,4834","38,1661","","0,47%"
"22.08.2018","38,4237","0,0000","38,6294","38,3253","","-0,05%"
"23.08.2018","38,0960","0,0000","38,4719","38,0433","","-0,85%"
"24.08.2018","38,7593","0,0000","38,8525","38,0311","","1,74%"
"27.08.2018","38,9339","0,0000","38,9789","38,6603","","0,45%"
"28.08.2018","38,6034","0,0000","39,0400","38,5490","","-0,85%"
"29.08.2018","38,7821","0,0000","38,8165","38,5979","","0,46%"
"30.08.2018","38,5651","0,0000","38,8323","38,4507","","-0,56%"
"31.08.2018","38,6037","0,0000","38,8635","38,5182","","0,10%"
"03.09.2018","38,5937","0,0000","38,7043","38,4317","","-0,03%"
"04.09.2018","38,2886","0,0000","38,6439","38,2336","","-0,79%"
"05.09.2018","38,4619","0,0000","38,5285","38,2803","","0,45%"
"06.09.2018","38,5735","0,0000","38,8053","38,4269","","0,29%"
"07.09.2018","38,4317","0,0000","38,6947","38,3491","","-0,37%"
"10.09.2018","38,4339","0,0000","38,5317","38,2938","","0,01%"
"11.09.2018","38,5021","0,0000","38,5609","38,1697","","0,18%"
"12.09.2018","38,7561","0,0000","38,8535","38,3288","","0,66%"
"13.09.2018","38,6034","0,0000","38,9876","38,5690","","-0,39%"
"14.09.2018","38,3658","0,0000","38,8567","38,3471","","-0,62%"
"17.09.2018","38,5979","0,0000","38,7352","38,3420","","0,60%"
"18.09.2018","38,5040","0,0000","38,6947","38,4352","","-0,24%"
"19.09.2018","38,6960","0,0000","38,7776","38,4973","","0,50%"
"20.09.2018","38,7982","0,0000","38,8484","38,6018","","0,26%"
"21.09.2018","38,5516","0,0000","38,9352","38,3079","","-0,64%"
"24.09.2018","38,5320","0,0000","38,7130","38,3835","","-0,05%"
"25.09.2018","38,6040","0,0000","38,6873","38,4783","","0,19%"
"26.09.2018","38,3899","0,0000","38,6593","38,2635","","-0,55%"
"27.09.2018","38,0157","0,0000","38,5349","37,9896","","-0,97%"
"28.09.2018","38,3137","0,0000","38,3751","37,9488","","0,78%"
"01.10.2018","38,1864","0,0000","38,3307","38,0732","","-0,33%"
"02.10.2018","38,6670","0,0000","38,8455","38,1999","","1,26%"
"03.10.2018","38,4818","0,0000","38,8484","38,4606","","-0,48%"
"04.10.2018","38,5571","0,0000","38,7966","38,4317","","0,20%"
"05.10.2018","38,6596","0,0000","38,7667","38,4716","","0,27%"
"08.10.2018","38,1828","0,0000","38,7127","38,0404","","-1,23%"
"09.10.2018","38,2327","0,0000","38,3166","38,0356","","0,13%"
"10.10.2018","38,3995","0,0000","38,4127","38,0922","","0,44%"
"11.10.2018","39,3438","0,0000","39,4255","38,2819","","2,46%"
"12.10.2018","39,1445","0,0000","39,3441","39,0699","","-0,51%"
"15.10.2018","39,4341","0,0000","39,6502","39,1278","","0,74%"
"16.10.2018","39,3534","0,0000","39,6216","39,3187","","-0,20%"
"17.10.2018","39,2972","0,0000","39,5293","39,2213","","-0,14%"
"18.10.2018","39,3850","0,0000","39,5489","39,1609","","0,22%"
"19.10.2018","39,4123","0,0000","39,5653","39,3068","","0,07%"
"22.10.2018","39,2731","0,0000","39,5306","39,2129","","-0,35%"
"23.10.2018","39,5509","0,0000","39,8566","39,2689","","0,71%"
"24.10.2018","39,6605","0,0000","39,6621","39,3879","","0,28%"
"25.10.2018","39,5968","15,4121","39,8418","39,4634","","-0,16%"
"26.10.2018","39,6473","0,4705","39,9736","39,5255","","0,13%"
"28.10.2018","0,4727","0,4726","0,4733","0,4703","","-98,81%"
"29.10.2018","39,5245","0,4726","39,7187","39,3544","","8.261,02%"
"30.10.2018","39,3126","0,4657","39,5647","39,2036","","-0,54%"
"31.10.2018","39,0303","0,4647","39,3300","38,9512","","-0,72%"
"01.11.2018","39,6354","0,4591","39,7830","39,0438","","1,55%"
"02.11.2018","39,6251","0,4743","39,7505","39,5274","","-0,03%"
"04.11.2018","0,4743","0,4740","0,4746","0,4737","","-98,80%"
"05.11.2018","39,5856","0,4744","39,7087","39,4329","","8.245,98%"
"06.11.2018","39,4268","0,4709","39,7357","39,3213","","-0,40%"
"07.11.2018","39,4071","0,4677","39,7328","39,3171","","-0,05%"
"08.11.2018","39,3361","0,4682","39,4493","39,2107","","-0,18%"
"09.11.2018","38,8834","0,4642","39,3364","38,7780","","-1,15%"
"11.11.2018","0,4562","0,4556","0,4562","0,4544","","-98,83%"
"12.11.2018","38,5924","0,4562","38,9467","38,5905","","8.360,42%"
"13.11.2018","38,6513","0,4512","38,7474","38,4490","","0,15%"
"14.11.2018","38,9422","0,4509","39,1036","38,4860","","0,75%"
"15.11.2018","38,9895","0,4548","39,1040","38,8210","","0,12%"
"16.11.2018","39,2808","0,4592","39,3940","38,9943","","0,75%"
"18.11.2018","0,4637","0,4636","0,4639","0,4597","","-98,82%"
"19.11.2018","39,3351","0,4637","39,3907","39,1419","","8.382,06%"
"20.11.2018","39,2875","0,4640","39,5065","39,2011","","-0,12%"
"21.11.2018","39,3991","0,4602","39,5476","39,1962","","0,28%"
"22.11.2018","39,4393","0,4657","39,5148","39,3702","","0,10%"
"23.11.2018","39,3023","0,4660","39,4978","39,2168","","-0,35%"
"25.11.2018","0,4600","0,4584","0,4608","0,4574","","-98,83%"
"26.11.2018","39,2982","0,4599","39,4824","39,2576","","8.443,17%"
"27.11.2018","39,0561","0,4582","39,3914","38,9461","","-0,62%"
"28.11.2018","39,2522","0,4552","39,4245","38,9233","","0,50%"
"29.11.2018","39,3171","0,4605","39,5120","39,2274","","0,17%"
"30.11.2018","39,2773","0,4602","39,4026","39,1001","","-0,10%"
"02.12.2018","0,4577","0,4558","0,4619","0,4558","","-98,83%"
"03.12.2018","39,5743","0,4575","39,7020","39,2564","","8.545,51%"
"04.12.2018","39,7965","0,4631","39,9267","39,5518","","0,56%"
"05.12.2018","39,7920","0,4673","39,8434","39,6380","","-0,01%"
"06.12.2018","39,7991","0,4661","40,0058","39,6820","","0,02%"
"07.12.2018","40,1267","0,4652","40,1897","39,7740","","0,82%"
"09.12.2018","0,4697","0,4702","0,4711","0,4693","","-98,83%"
"10.12.2018","40,0023","0,4696","40,2061","39,9032","","8.417,33%"
"11.12.2018","39,9563","0,4671","40,1733","39,8814","","-0,11%"
"12.12.2018","40,0260","0,4686","40,0971","39,9167","","0,17%"
"13.12.2018","39,9569","0,4739","40,0833","39,8614","","-0,17%"
"14.12.2018","39,8061","0,4739","39,9640","39,6222","","-0,38%"
"16.12.2018","0,4685","0,4683","0,4690","0,4672","","-98,82%"
"17.12.2018","40,0553","0,4685","40,1267","39,7180","","8.450,33%"
"18.12.2018","40,1688","0,4718","40,1971","40,0068","","0,28%"
"19.12.2018","39,9344","0,4709","40,4466","39,9039","","-0,58%"
"20.12.2018","40,4893","0,4699","40,7157","39,9476","","1,39%"
"21.12.2018","40,3672","0,4754","40,5983","40,2939","","-0,30%"
"23.12.2018","0,4715","0,4702","0,4718","0,4699","","-98,83%"
"24.12.2018","40,7829","0,4715","40,8150","40,4360","","8.550,14%"
"25.12.2018","0,4747","0,4747","0,4761","0,4702","","-98,84%"
"26.12.2018","40,7128","0,4747","41,1227","40,6469","","8.476,70%"
"27.12.2018","40,9957","0,4836","41,1192","40,7028","","0,69%"
"28.12.2018","41,1690","0,4896","41,2201","40,9568","","0,42%"
"30.12.2018","0,4943","0,4950","0,4950","0,4917","","-98,80%"
"31.12.2018","41,2288","0,4945","41,2844","41,0565","","8.240,14%"
"01.01.2019","0,4984","0,5011","0,5011","0,4982","","-98,79%"
"02.01.2019","41,2655","0,4985","41,4314","41,0983","","8.180,23%"
"03.01.2019","41,5953","0,4974","41,6313","41,2960","","0,80%"
"04.01.2019","41,3085","0,5060","41,7451","41,0372","","-0,69%"
"06.01.2019","0,5047","0,5042","0,5055","0,5041","","-98,78%"
"07.01.2019","41,4214","0,5048","41,6384","41,2253","","8.107,09%"
"08.01.2019","41,3227","0,5035","41,4805","41,1111","","-0,24%"
"09.01.2019","41,5931","0,5036","41,5989","41,1385","","0,65%"
"10.01.2019","41,3632","0,5064","41,7021","41,3394","","-0,55%"
"11.01.2019","41,4243","0,5013","41,6400","41,3532","","0,15%"
"13.01.2019","0,5018","0,5002","0,5024","0,4990","","-98,79%"
"14.01.2019","41,5320","0,5016","41,6625","41,3815","","8.177,15%"
"15.01.2019","41,4394","0,5029","41,6233","41,3555","","-0,22%"
"16.01.2019","41,5744","0,5019","41,6333","41,3941","","0,33%"
"17.01.2019","41,5394","0,5010","41,6461","41,4249","","-0,08%"
"18.01.2019","41,1770","0,4993","41,5538","41,1610","","-0,87%"
"20.01.2019","0,4933","0,4929","0,4938","0,4928","","-98,80%"
"21.01.2019","41,1378","0,4933","41,2667","41,0343","","8.240,03%"
"22.01.2019","41,3108","0,4908","41,3278","41,0517","","0,42%"
"23.01.2019","41,2433","0,4930","41,3632","41,0886","","-0,16%"
"24.01.2019","41,1835","0,4942","41,3063","41,0433","","-0,15%"
"25.01.2019","41,8901","0,4929","41,9075","41,1307","","1,72%"
"27.01.2019","0,5057","0,5053","0,5062","0,5048","","-98,79%"
"28.01.2019","41,9062","0,5056","41,9380","41,7059","","8.186,18%"
"29.01.2019","42,1715","0,5064","42,1801","41,8618","","0,63%"
"30.01.2019","42,4132","0,5091","42,5463","42,0663","","0,57%"
"31.01.2019","42,4496","0,5164","42,6415","42,3476","","0,09%"
"01.02.2019","42,3759","0,5161","42,5518","42,2972","","-0,17%"
"03.02.2019","0,5116","0,5108","0,5121","0,5108","","-98,79%"
"04.02.2019","42,1930","0,5113","42,3981","42,0596","","8.146,79%"
"05.02.2019","42,2721","0,5098","42,3361","42,1252","","0,19%"
"06.02.2019","41,9956","0,5097","42,3039","41,9663","","-0,65%"
"07.02.2019","42,1097","0,5037","42,1795","41,8638","","0,27%"
"08.02.2019","42,2454","0,5063","42,2988","42,0258","","0,32%"
"10.02.2019","0,5090","0,5084","0,5091","0,5080","","-98,80%"
"11.02.2019","42,0605","0,5088","42,2721","41,9088","","8.162,61%"
"12.02.2019","42,1409","0,5050","42,2695","41,9972","","0,19%"
"13.02.2019","41,9776","0,5050","42,3785","41,9384","","-0,39%"
"14.02.2019","42,1879","0,5015","42,2576","41,8782","","0,50%"
"15.02.2019","42,4833","0,5021","42,5219","42,1419","","0,70%"
"17.02.2019","0,5076","0,5065","0,5078","0,5056","","-98,81%"
"18.02.2019","42,6367","0,5075","42,6846","42,4505","","8.300,23%"
"19.02.2019","43,1180","0,5086","43,1392","42,5110","","1,13%"
"20.02.2019","43,0373","0,5135","43,2983","42,9710","","-0,19%"
"21.02.2019","42,5335","0,5171","43,1299","42,5132","","-1,17%"
"22.02.2019","42,6981","0,5094","42,8598","42,4737","","0,39%"
"24.02.2019","0,5122","0,5108","0,5128","0,5098","","-98,80%"
"25.02.2019","42,6534","0,5120","42,8418","42,5987","","8.227,61%"
"26.02.2019","42,7193","0,5113","42,7666","42,5422","","0,15%"
"27.02.2019","42,4312","0,5124","42,7463","42,3242","","-0,67%"
"28.02.2019","42,2075","0,5066","42,6653","42,1866","","-0,53%"
"01.03.2019","41,5171","0,5023","42,2807","41,4715","","-1,64%"
"03.03.2019","0,4897","0,4900","0,4904","0,4894","","-98,82%"
"04.03.2019","41,3497","0,4897","41,6948","41,2333","","8.343,14%"
"05.03.2019","41,3914","0,4851","41,4583","41,1754","","0,10%"
"06.03.2019","41,3654","0,4870","41,4961","41,2510","","-0,06%"
"07.03.2019","41,3325","0,4849","41,4362","41,1822","","-0,08%"
"08.03.2019","41,7689","0,4836","41,8156","41,3105","","1,06%"
"10.03.2019","0,4929","0,4926","0,4935","0,4920","","-98,82%"
"11.03.2019","41,6014","0,4928","41,7645","41,4712","","8.340,99%"
"12.03.2019","41,8541","0,4921","41,8585","41,5326","","0,61%"
"13.03.2019","42,0863","0,4966","42,1520","41,8059","","0,55%"
"14.03.2019","41,6684","0,4966","42,1240","41,5548","","-0,99%"
"15.03.2019","41,8323","0,4883","41,9994","41,5841","","0,39%"
"17.03.2019","0,4910","0,4913","0,4922","0,4910","","-98,83%"
"18.03.2019","41,9069","0,4911","42,0058","41,7275","","8.434,71%"
"19.03.2019","41,9985","0,4933","42,1439","41,8667","","0,22%"
"20.03.2019","42,1893","0,4942","42,3291","41,7397","","0,45%"
"21.03.2019","42,0919","0,4989","42,4461","41,8924","","-0,23%"
"22.03.2019","42,2181","0,4970","42,2728","42,0068","","0,30%"
"24.03.2019","0,4952","0,4957","0,4982","0,4942","","-98,83%"
"25.03.2019","42,4968","0,4951","42,5782","42,1400","","8.481,25%"
"26.03.2019","42,2917","0,4995","42,5399","42,1949","","-0,48%"
"27.03.2019","42,1071","0,4964","42,4123","42,0422","","-0,44%"
"28.03.2019","41,4793","0,4911","42,1891","41,4198","","-1,49%"
"29.03.2019","41,5355","0,4838","41,7822","41,3571","","0,14%"
"31.03.2019","0,4875","0,4860","0,4886","0,4856","","-98,83%"
"01.04.2019","41,3913","0,4874","41,6927","41,3539","","8.389,92%"
"02.04.2019","41,5628","0,4855","41,5628","41,3060","","0,41%"
"03.04.2019","41,4633","0,4860","41,6167","41,4085","","-0,24%"
"04.04.2019","41,5428","0,4872","41,6066","41,1719","","0,19%"
"05.04.2019","41,5162","0,4871","41,5829","41,2835","","-0,06%"
"07.04.2019","0,4862","0,4856","0,4871","0,4846","","-98,83%"
"08.04.2019","41,7048","0,4861","41,9120","41,5098","","8.478,20%"
"09.04.2019","41,9208","0,4903","41,9918","41,6770","","0,52%"
"10.04.2019","42,0466","0,4894","42,1335","41,8165","","0,30%"
"11.04.2019","41,5498","0,4898","42,0889","41,4487","","-1,18%"
"12.04.2019","41,4744","0,4813","41,6562","41,4651","","-0,18%"
"14.04.2019","0,4815","0,4824","0,4828","0,4812","","-98,84%"
"15.04.2019","41,3984","0,4814","41,5312","41,2159","","8.498,17%"
"16.04.2019","41,0298","0,4829","41,4295","40,9182","","-0,89%"
"17.04.2019","40,9517","0,4825","41,1419","40,9128","","-0,19%"
"18.04.2019","40,9925","0,4818","41,0747","40,8517","","0,10%"
"19.04.2019","0,4819","0,4812","0,4845","0,4802","","-98,82%"
"21.04.2019","0,4831","0,4816","0,4833","0,4801","","0,25%"
"22.04.2019","40,9817","0,4831","41,1436","40,9343","","8.383,36%"
"23.04.2019","40,9005","0,4827","41,0375","40,6996","","-0,20%"
"24.04.2019","40,9912","0,4768","41,0997","40,7719","","0,22%"
"25.04.2019","41,0545","0,4802","41,2293","40,9311","","0,15%"
"26.04.2019","41,3410","0,4808","41,4292","41,0131","","0,70%"
"28.04.2019","0,4842","0,4849","0,4849","0,4838","","-98,83%"
"29.04.2019","41,1385","0,4843","41,3639","41,0735","","8.395,40%"
"30.04.2019","41,2606","0,4801","41,3504","41,1301","","0,30%"
"01.05.2019","41,0357","0,4805","41,3765","40,9195","","-0,55%"
"02.05.2019","40,8407","0,4722","41,0864","40,6980","","-0,48%"
"03.05.2019","41,1188","0,4701","41,2306","40,7851","","0,68%"
"05.05.2019","0,4797","0,4782","0,4814","0,4775","","-98,83%"
"06.05.2019","41,1553","0,4800","41,3264","41,0356","","8.479,95%"
"07.05.2019","41,2912","0,4799","41,3424","41,0774","","0,33%"
"08.05.2019","41,1730","0,4796","41,5192","41,1192","","-0,29%"
"09.05.2019","41,2728","0,4773","41,4140","41,1211","","0,24%"
"10.05.2019","41,3330","0,4747","41,4528","41,2433","","0,15%"
"12.05.2019","0,4743","0,4754","0,4764","0,4740","","-98,85%"
"13.05.2019","41,7848","0,4744","41,8312","41,1963","","8.710,23%"
"14.05.2019","41,6923","0,4756","41,9007","41,5735","","-0,22%"
"15.05.2019","41,6807","0,4762","41,8208","41,5532","","-0,03%"
"16.05.2019","41,3587","0,4755","41,7532","41,2719","","-0,77%"
"17.05.2019","41,0613","0,4677","41,4389","40,9764","","-0,72%"
"19.05.2019","0,4644","0,4639","0,4646","0,4638","","-98,87%"
"20.05.2019","41,0724","0,4645","41,1173","40,9349","","8.744,04%"
"21.05.2019","40,9833","0,4652","41,0826","40,7983","","-0,22%"
"22.05.2019","40,9396","0,4649","41,0621","40,8925","","-0,11%"
"23.05.2019","41,2653","0,4647","41,3852","40,9015","","0,80%"
"24.05.2019","41,3023","0,4696","41,3192","41,1594","","0,09%"
"26.05.2019","0,4686","0,4681","0,4702","0,4678","","-98,87%"
"27.05.2019","41,3072","0,4687","41,3882","41,2622","","8.714,56%"
"28.05.2019","41,1227","0,4692","41,3594","41,0124","","-0,45%"
"29.05.2019","41,1272","0,4618","41,3254","41,1037","","0,01%"
"30.05.2019","41,4262","0,4635","41,4382","40,9742","","0,73%"
"31.05.2019","41,9647","0,4673","42,0094","41,4005","","1,30%"
"02.06.2019","0,4702","0,4687","0,4703","0,4682","","-98,88%"
"03.06.2019","42,5912","0,4703","42,6929","41,9985","","8.958,52%"
"04.06.2019","42,6053","0,4751","42,7276","42,4255","","0,03%"
"05.06.2019","42,7556","0,4765","43,2062","42,5740","","0,35%"
"06.06.2019","42,9148","0,4760","43,0718","42,6656","","0,37%"
"07.06.2019","43,0916","0,4782","43,3418","42,7502","","0,41%"
"09.06.2019","0,4817","0,4829","0,4833","0,4811","","-98,88%"
"10.06.2019","42,6909","0,4817","42,9995","42,5836","","8.762,86%"
"11.06.2019","42,6532","0,4732","42,7544","42,4181","","-0,09%"
"12.06.2019","42,8621","0,4745","43,0252","42,6254","","0,49%"
"13.06.2019","43,1450","0,4754","43,1794","42,8206","","0,66%"
"14.06.2019","43,1247","0,4800","43,6619","43,0042","","-0,05%"
"16.06.2019","0,4768","0,4768","0,4785","0,4764","","-98,89%"
"17.06.2019","43,0590","0,4766","43,1824","42,8392","","8.931,14%"
"18.06.2019","43,2834","0,4771","43,5386","43,0257","","0,52%"
"19.06.2019","43,7208","0,4824","43,7925","43,1061","","1,01%"
"20.06.2019","44,6381","0,4864","44,7810","43,6414","","2,10%"
"21.06.2019","44,9676","0,4969","45,3576","44,4323","","0,74%"
"23.06.2019","0,4956","0,4999","0,5008","0,4935","","-98,90%"
"24.06.2019","45,6270","0,4955","45,6830","45,0136","","9.106,71%"
"25.06.2019","45,7463","0,4975","46,2530","45,3936","","0,26%"
"26.06.2019","45,2795","0,4924","45,7715","45,0747","","-1,02%"
"27.06.2019","45,3116","0,4916","45,3839","45,0062","","0,07%"
"28.06.2019","45,3036","0,4911","45,7904","45,2171","","-0,02%"
"30.06.2019","0,4885","0,4922","0,4996","0,4873","","-98,92%"
"01.07.2019","44,4987","0,4886","44,9245","44,4165","","9.008,67%"
"02.07.2019","45,5960","0,4871","45,6370","44,4821","","2,47%"
"03.07.2019","45,6098","0,4946","46,1680","45,3994","","0,03%"
"04.07.2019","45,4994","0,4922","45,7036","45,3367","","-0,24%"
"05.07.2019","44,9965","0,4928","45,7812","44,5776","","-1,11%"
"07.07.2019","0,4815","0,4689","0,4831","0,4689","","-98,93%"
"08.07.2019","44,8631","0,4814","45,2554","44,7361","","9.216,93%"
"09.07.2019","44,9330","0,4826","45,0046","44,5644","","0,16%"
"10.07.2019","45,6154","0,4857","45,6219","44,6750","","1,52%"
"11.07.2019","45,1219","0,4913","45,8469","45,0496","","-1,08%"
"12.07.2019","45,5092","0,4862","45,5456","45,1014","","0,86%"
"14.07.2019","0,4897","0,4897","0,4908","0,4892","","-98,92%"
"15.07.2019","45,4513","0,4896","45,6331","45,2476","","9.180,85%"
"16.07.2019","45,2025","0,4951","45,5906","45,0361","","-0,55%"
"17.07.2019","45,8598","0,4997","45,8727","45,0030","","1,45%"
"18.07.2019","46,4771","0,5126","46,5542","45,4727","","1,35%"
"19.07.2019","45,8119","0,5252","46,7021","45,6508","","-1,43%"
"21.07.2019","0,5213","0,5212","0,5231","0,5207","","-98,86%"
"22.07.2019","45,8029","0,5213","45,9571","45,7167","","8.686,86%"
"23.07.2019","45,5608","0,5252","45,9386","45,4547","","-0,53%"
"24.07.2019","45,8202","0,5261","45,9498","45,5286","","0,57%"
"25.07.2019","45,4804","0,5343","46,0868","45,3573","","-0,74%"
"26.07.2019","45,5997","0,5281","45,7958","45,4412","","0,26%"
"28.07.2019","0,5267","0,5265","0,5279","0,5265","","-98,85%"
"29.07.2019","45,8690","0,5267","45,9112","45,5450","","8.609,20%"
"30.07.2019","45,9787","0,5286","46,0649","45,7074","","0,24%"
"31.07.2019","45,4467","0,5325","46,0621","45,3679","","-1,16%"
"01.08.2019","46,4596","0,5229","46,4758","45,0210","","2,23%"
"02.08.2019","46,3117","0,5247","46,5480","45,9701","","-0,32%"
"04.08.2019","0,5205","0,5208","0,5221","0,5204","","-98,88%"
"05.08.2019","47,0388","0,5203","47,2487","46,1909","","8.937,65%"
"06.08.2019","47,3895","0,5304","47,4162","46,8195","","0,75%"
"07.08.2019","48,2598","0,5299","48,5476","47,3244","","1,84%"
"08.08.2019","48,2422","0,5498","48,5283","47,8978","","-0,04%"
"09.08.2019","48,1245","0,5477","48,4833","48,0403","","-0,24%"
"11.08.2019","0,5478","0,5458","0,5480","0,5450","","-98,86%"
"12.08.2019","48,5847","0,5472","48,7874","47,8219","","8.769,09%"
"13.08.2019","48,2627","0,5492","49,3291","47,6171","","-0,66%"
"14.08.2019","48,7432","0,5460","48,9929","48,0332","","1,00%"
"15.08.2019","48,9641","0,5544","49,0784","48,4833","","0,45%"
"16.08.2019","48,6682","0,5563","49,1070","48,3483","","-0,60%"
"18.08.2019","0,5497","0,5500","0,5516","0,5496","","-98,87%"
"19.08.2019","48,0798","0,5498","48,6312","47,9721","","8.647,34%"
"20.08.2019","48,4556","0,5429","48,4877","47,9850","","0,78%"
"21.08.2019","48,2885","0,5509","48,4708","48,0911","","-0,34%"
"22.08.2019","48,1616","0,5508","48,3675","47,9528","","-0,26%"
"23.08.2019","49,0652","0,5475","49,1802","47,9914","","1,88%"
"25.08.2019","0,5683","0,5580","0,5879","0,5571","","-98,84%"
"26.08.2019","49,0958","0,5685","49,9802","49,0041","","8.538,83%"
"27.08.2019","49,5891","0,5678","49,6530","49,0138","","1,00%"
"28.08.2019","49,4735","0,5848","49,7307","49,2292","","-0,23%"
"29.08.2019","49,1070","0,5896","49,8465","48,8402","","-0,74%"
"30.08.2019","48,8643","0,5880","49,2871","48,7762","","-0,49%"
"01.09.2019","0,5938","0,5904","0,5966","0,5886","","-98,78%"
"02.09.2019","49,2015","0,5938","49,3036","48,8305","","8.185,23%"
"03.09.2019","49,7428","0,5910","49,8175","48,9045","","1,10%"
"04.09.2019","49,9108","0,6225","50,0587","49,3009","","0,34%"
"05.09.2019","48,8355","0,6293","49,9301","48,5164","","-2,15%"
"06.09.2019","48,4415","0,6003","49,1086","48,3065","","-0,81%"
"08.09.2019","0,5844","0,5845","0,5850","0,5810","","-98,79%"
"09.09.2019","48,2052","0,5846","48,7148","48,1393","","8.149,12%"
"10.09.2019","47,7631","0,5774","48,2582","47,7085","","-0,92%"
"11.09.2019","48,1422","0,5793","48,1655","47,7310","","0,79%"
"12.09.2019","48,1838","0,5821","48,9852","47,8531","","0,09%"
"13.09.2019","47,8547","0,5809","48,5093","47,7522","","-0,68%"
"15.09.2019","0,5709","0,5577","0,5712","0,5573","","-98,81%"
"16.09.2019","48,1907","0,5706","48,6089","48,0750","","8.340,85%"
"17.09.2019","48,2711","0,5731","48,4512","48,0010","","0,17%"
"18.09.2019","48,0341","0,5789","48,5797","47,7168","","-0,49%"
"19.09.2019","48,1843","0,5685","48,3547","47,8596","","0,31%"
"20.09.2019","48,7646","0,5724","48,7665","48,1489","","1,20%"
"22.09.2019","0,5783","0,5783","0,5785","0,5770","","-98,81%"
"23.09.2019","48,9291","0,5781","49,0877","48,5830","","8.360,45%"
"24.09.2019","49,2228","0,5985","49,3706","48,7228","","0,60%"
"25.09.2019","48,3460","0,5991","49,3514","48,2586","","-1,78%"
"26.09.2019","48,3483","0,5784","48,6248","48,2756","","0,00%"
"27.09.2019","48,1155","0,5749","48,4640","47,7953","","-0,48%"
"29.09.2019","0,5637","0,5638","0,5659","0,5637","","-98,83%"
"30.09.2019","47,3262","0,5636","48,2340","47,0683","","8.296,23%"
"01.10.2019","47,5490","0,5477","47,8087","46,8918","","0,47%"
"02.10.2019","48,2041","0,5568","48,3782","47,3902","","1,38%"
"03.10.2019","48,3788","0,5656","48,8209","48,0846","","0,36%"
"04.10.2019","48,3659","0,5667","48,5699","48,1219","","-0,03%"
"06.10.2019","0,5651","0,5641","0,5661","0,5622","","-98,83%"
"07.10.2019","48,0091","0,5651","48,5225","47,8945","","8.395,77%"
"08.10.2019","48,3926","0,5600","48,4934","47,8157","","0,80%"
"09.10.2019","48,3920","0,5719","48,5862","48,2036","","0,00%"
"10.10.2019","48,0219","0,5735","48,7652","47,9399","","-0,76%"
"11.10.2019","47,8869","0,5634","48,3255","47,3869","","-0,28%"
"13.10.2019","0,5622","0,5632","0,5641","0,5617","","-98,83%"
"14.10.2019","47,9949","0,5622","48,1296","47,6634","","8.437,03%"
"15.10.2019","47,6284","0,5674","48,1534","47,4934","","-0,76%"
"16.10.2019","47,8843","0,5602","47,9432","47,4754","","0,54%"
"17.10.2019","47,9576","0,5595","48,1355","47,6827","","0,15%"
"18.10.2019","47,8949","0,5644","48,0309","47,7245","","-0,13%"
"20.10.2019","0,5649","0,5638","0,5651","0,5636","","-98,82%"
"21.10.2019","47,7197","0,5650","48,0673","47,6313","","8.348,02%"
"22.10.2019","47,8290","0,5646","47,8650","47,5972","","0,23%"
"23.10.2019","47,9641","0,5643","48,0973","47,8158","","0,28%"
"24.10.2019","48,3306","0,5646","48,3486","47,8281","","0,76%"
"25.10.2019","48,3653","0,5725","48,7952","48,2309","","0,07%"
"27.10.2019","0,5798","0,5806","0,5809","0,5789","","-98,80%"
"28.10.2019","47,9832","0,5797","48,4869","47,8853","","8.175,95%"
"29.10.2019","47,8393","0,5728","48,0589","47,6959","","-0,30%"
"30.10.2019","48,0959","0,5719","48,1168","47,6094","","0,54%"
"31.10.2019","48,6381","0,5742","48,6826","48,0155","","1,13%"
"01.11.2019","48,6617","0,5816","48,7215","48,3193","","0,05%"
"03.11.2019","0,5828","0,5845","0,5845","0,5819","","-98,80%"
"04.11.2019","48,5428","0,5828","48,6934","48,3569","","8.229,04%"
"05.11.2019","47,7371","0,5794","48,5412","47,5590","","-1,66%"
"06.11.2019","47,9236","0,5658","48,0396","47,6509","","0,39%"
"07.11.2019","47,2136","0,5665","47,9710","46,9642","","-1,48%"
"08.11.2019","46,8880","0,5506","47,3580","46,8050","","-0,69%"
"10.11.2019","0,5413","0,5405","0,5415","0,5403","","-98,85%"
"11.11.2019","46,7754","0,5412","47,1439","46,5507","","8.541,30%"
"12.11.2019","46,8767","0,5413","46,9422","46,4636","","0,22%"
"13.11.2019","47,0459","0,5406","47,1616","46,8002","","0,36%"
"14.11.2019","47,2860","0,5453","47,3976","46,9565","","0,51%"
"15.11.2019","47,1532","0,5467","47,2995","46,9979","","-0,28%"
"17.11.2019","0,5464","0,5457","0,5466","0,5454","","-98,84%"
"18.11.2019","47,2853","0,5464","47,3902","46,8073","","8.554,10%"
"19.11.2019","47,3407","0,5480","47,4352","47,0751","","0,12%"
"20.11.2019","47,3104","0,5520","47,5445","47,1188","","-0,06%"
"21.11.2019","47,0956","0,5525","47,4416","47,0101","","-0,45%"
"22.11.2019","47,0013","0,5502","47,3548","46,9642","","-0,20%"
"24.11.2019","0,5440","0,5459","0,5462","0,5433","","-98,84%"
"25.11.2019","46,7675","0,5441","47,0050","46,7279","","8.497,66%"
"26.11.2019","47,0141","0,5418","47,0241","46,6282","","0,53%"
"27.11.2019","46,7640","0,5494","46,9955","46,6861","","-0,53%"
"28.11.2019","46,8787","0,5463","46,8822","46,7407","","0,25%"
"29.11.2019","47,1387","0,5450","47,1430","46,6983","","0,55%"
"01.12.2019","0,5457","0,5458","0,5471","0,5456","","-98,84%"
"02.12.2019","47,0240","0,5458","47,1532","46,7343","","8.516,99%"
"03.12.2019","47,4921","0,5439","47,6409","46,9005","","1,00%"
"04.12.2019","47,4033","0,5518","47,7117","47,2924","","-0,19%"
"05.12.2019","47,4470","0,5423","47,5959","47,3419","","0,09%"
"06.12.2019","46,9220","0,5452","47,4833","46,8812","","-1,11%"
"08.12.2019","0,5333","0,5333","0,5335","0,5321","","-98,86%"
"09.12.2019","46,9631","0,5334","47,1137","46,8902","","8.705,82%"
"10.12.2019","47,0791","0,5336","47,2292","46,9175","","0,25%"
"11.12.2019","47,4119","0,5356","47,5445","47,0056","","0,71%"
"12.12.2019","47,2454","0,5422","47,8017","47,0799","","-0,35%"
"13.12.2019","47,4508","0,5430","47,5106","47,0095","","0,43%"
"15.12.2019","0,5444","0,5447","0,5453","0,5443","","-98,85%"
"16.12.2019","47,4623","0,5444","47,5705","47,3435","","8.618,92%"
"17.12.2019","47,4509","0,5476","47,5946","47,3841","","-0,02%"
"18.12.2019","47,4130","0,5466","47,5554","47,2567","","-0,08%"
"19.12.2019","47,5398","0,5473","47,6409","47,3419","","0,27%"
"20.12.2019","47,5130","0,5485","47,6093","47,4304","","-0,06%"
"22.12.2019","0,5530","0,5532","0,5534","0,5524","","-98,84%"
"23.12.2019","47,7406","0,5530","47,7731","47,4947","","8.533,50%"
"24.12.2019","48,1878","0,5606","48,2365","47,7184","","0,94%"
"25.12.2019","48,1811","0,5714","48,2052","48,1730","","-0,01%"
"26.12.2019","48,5749","0,5713","48,6214","48,1361","","0,82%"
"27.12.2019","48,5791","0,5760","48,7114","48,4344","","0,01%"
"29.12.2019","0,5728","0,5713","0,5730","0,5713","","-98,82%"
"30.12.2019","48,6985","0,5728","48,7469","48,5431","","8.402,04%"
"31.12.2019","48,7826","0,5760","49,0363","48,6891","","0,17%"
"01.01.2020","0,5748","0,5750","0,5762","0,5746","","-98,82%"
"02.01.2020","49,1342","0,5748","49,2292","48,7725","","8.448,71%"
"03.01.2020","49,8015","0,5799","49,9365","49,1167","","1,36%"
"05.01.2020","0,5843","0,5806","0,5881","0,5802","","-98,83%"
"06.01.2020","50,3477","0,5843","50,7892","49,8897","","8.516,70%"
"07.01.2020","50,5419","0,5827","50,5741","49,9944","","0,39%"
"08.01.2020","50,0431","0,5976","51,7916","49,8937","","-0,99%"
"09.01.2020","49,8685","0,5830","50,1947","49,5050","","-0,35%"
"10.01.2020","50,1792","0,5760","50,1886","49,6751","","0,62%"
"12.01.2020","0,5805","0,5821","0,5823","0,5799","","-98,84%"
"13.01.2020","49,7832","0,5808","50,2210","49,7137","","8.476,08%"
"14.01.2020","49,7112","0,5765","49,7870","49,3716","","-0,14%"
"15.01.2020","49,9928","0,5733","50,0903","49,6973","","0,57%"
"16.01.2020","49,9461","0,5793","50,0873","49,7565","","-0,09%"
"17.01.2020","50,0408","0,5774","50,1845","49,7973","","0,19%"
"19.01.2020","0,5800","0,5791","0,5804","0,5789","","-98,84%"
"20.01.2020","50,2824","0,5799","50,2824","50,0281","","8.568,94%"
"21.01.2020","50,1183","0,5810","50,4236","49,7037","","-0,33%"
"22.01.2020","50,1075","0,5707","50,1246","49,8179","","-0,02%"
"23.01.2020","50,2233","0,5747","50,4006","49,8654","","0,23%"
"24.01.2020","50,5131","0,5714","50,6525","50,0223","","0,58%"
"26.01.2020","0,5851","0,5817","0,5888","0,5815","","-98,84%"
"27.01.2020","50,8775","0,5856","51,0047","50,6470","","8.595,51%"
"28.01.2020","50,4103","0,5815","50,8876","50,3712","","-0,92%"
"29.01.2020","50,7016","0,5622","50,7195","50,2419","","0,58%"
"30.01.2020","50,6115","0,5650","50,9804","50,5474","","-0,18%"
"31.01.2020","51,0103","0,5734","51,0846","50,4911","","0,79%"
"02.02.2020","0,5815","0,5799","0,5819","0,5794","","-98,86%"
"03.02.2020","50,6776","0,5813","51,1666","50,5043","","8.615,62%"
"04.02.2020","49,9567","0,5692","50,7739","49,7918","","-1,42%"
"05.02.2020","50,0495","0,5660","50,2196","49,7340","","0,19%"
"06.02.2020","50,3598","0,5669","50,4127","49,8966","","0,62%"
"07.02.2020","50,4749","0,5728","50,5945","50,2194","","0,23%"
"09.02.2020","0,5706","0,5715","0,5716","0,5688","","-98,87%"
"10.02.2020","50,5661","0,5706","50,6940","50,3998","","8.761,51%"
"11.02.2020","50,4053","0,5712","50,5945","50,2159","","-0,32%"
"12.02.2020","50,3480","0,5669","50,4824","50,1924","","-0,11%"
"13.02.2020","50,6687","0,5633","50,7276","50,3202","","0,64%"
"14.02.2020","50,8848","0,5678","50,9234","50,5654","","0,43%"
"16.02.2020","0,5705","0,5708","0,5709","0,5680","","-98,88%"
"17.02.2020","50,8239","0,5705","50,9448","50,7371","","8.808,07%"
"18.02.2020","51,5060","0,5728","51,6051","50,8853","","1,34%"
"19.02.2020","51,8039","0,5840","51,8469","51,4154","","0,58%"
"20.02.2020","52,0777","0,5916","52,1951","51,5569","","0,53%"
"21.02.2020","52,8239","0,5921","53,0086","52,0392","","1,43%"
"23.02.2020","0,6007","0,5925","0,6041","0,5925","","-98,86%"
"24.02.2020","53,3699","0,6002","54,2917","53,1130","","8.784,12%"
"25.02.2020","52,5767","0,5984","53,3639","52,3644","","-1,49%"
"26.02.2020","52,7034","0,5806","53,1992","52,2559","","0,24%"
"27.02.2020","52,6923","0,5764","53,3715","52,5748","","-0,02%"
"28.02.2020","50,8407","0,5718","53,0199","50,3312","","-3,51%"
"01.03.2020","0,5320","0,5350","0,5353","0,5289","","-98,95%"
"02.03.2020","51,0492","0,5319","51,7784","50,7740","","9.495,17%"
"03.03.2020","52,6483","0,5407","53,0230","51,0390","","3,13%"
"04.03.2020","52,6327","0,5551","53,0905","52,4571","","-0,03%"
"05.03.2020","53,7489","0,5526","53,8317","52,5541","","2,12%"
"06.03.2020","53,8070","0,5621","54,3900","52,9715","","0,11%"
"08.03.2020","0,5623","0,5585","0,5708","0,5558","","-98,95%"
"09.03.2020","54,0004","0,5619","54,7387","53,2853","","9.503,42%"
"10.03.2020","53,0188","0,5443","54,0151","52,7854","","-1,82%"
"11.03.2020","52,5512","0,5462","53,7068","52,4828","","-0,88%"
"12.03.2020","50,6948","0,5397","53,0433","50,1763","","-3,53%"
"13.03.2020","49,1684","0,5051","51,3555","48,4302","","-3,01%"
"15.03.2020","0,4756","0,4746","0,4868","0,4742","","-99,03%"
"16.03.2020","48,6733","0,4755","50,5663","46,6501","","10.134,06%"
"17.03.2020","49,1351","0,4186","49,9240","47,1105","","0,95%"
"18.03.2020","47,7760","0,4106","49,6969","47,3355","","-2,77%"
"19.03.2020","47,2551","0,3955","48,2392","47,0542","","-1,09%"
"20.03.2020","48,1502","0,3896","48,7349","46,9365","","1,89%"
"22.03.2020","0,3999","0,4054","0,4065","0,3953","","-99,17%"
"23.03.2020","49,9322","0,3996","50,1876","47,7326","","12.387,70%"
"24.03.2020","51,7635","0,4417","52,4812","49,9296","","3,67%"
"25.03.2020","51,8336","0,4710","52,5918","50,9165","","0,14%"
"26.03.2020","52,4181","0,4627","52,8040","51,1969","","1,13%"
"27.03.2020","52,0038","0,4625","52,4897","51,7225","","-0,79%"
"29.03.2020","0,4625","0,4636","0,4683","0,4605","","-99,11%"
"30.03.2020","52,1369","0,4628","52,5412","51,6423","","11.172,19%"
"31.03.2020","50,4976","0,4502","52,1892","50,2191","","-3,14%"
"01.04.2020","51,1386","0,4490","51,4302","50,2982","","1,27%"
"02.04.2020","51,8402","0,4499","52,0806","50,6390","","1,37%"
"03.04.2020","51,9700","0,4651","52,2462","51,5694","","0,25%"
"05.04.2020","0,4633","0,4632","0,4644","0,4587","","-99,11%"
"06.04.2020","53,4249","0,4635","53,6422","51,2965","","11.430,46%"
"07.04.2020","52,9994","0,4901","53,7367","52,7458","","-0,80%"
"08.04.2020","52,9127","0,4814","53,2516","52,7400","","-0,16%"
"09.04.2020","54,1238","0,4815","54,3357","52,7943","","2,29%"
"10.04.2020","54,2994","0,4961","54,5116","53,8203","","0,32%"
"12.04.2020","0,4937","0,4945","0,4977","0,4902","","-99,09%"
"13.04.2020","55,1086","0,4941","55,3670","53,7782","","11.063,40%"
"14.04.2020","55,5123","0,4963","56,1512","54,8845","","0,73%"
"15.04.2020","55,1613","0,5033","55,6380","54,8523","","-0,63%"
"16.04.2020","55,2247","0,4953","55,8784","54,8556","","0,11%"
"17.04.2020","54,6562","0,4979","55,2411","53,9496","","-1,03%"
"19.04.2020","0,4856","0,4882","0,4892","0,4849","","-99,11%"
"20.04.2020","54,4551","0,4856","54,7149","53,7094","","11.113,01%"
"21.04.2020","54,1972","0,4906","54,5656","53,3600","","-0,47%"
"22.04.2020","55,0887","0,4789","55,2443","53,9708","","1,64%"
"23.04.2020","55,6632","0,4842","55,8966","54,7784","","1,04%"
"24.04.2020","55,5381","0,4898","55,8101","54,9337","","-0,22%"
"26.04.2020","0,4901","0,4904","0,4911","0,4879","","-99,12%"
"27.04.2020","55,1128","0,4902","55,5066","54,7993","","11.145,00%"
"28.04.2020","54,8976","0,4870","55,1404","54,3563","","-0,39%"
"29.04.2020","55,0461","0,4873","55,1832","54,5466","","0,27%"
"30.04.2020","54,1917","0,4912","55,3373","53,9875","","-1,55%"
"01.05.2020","54,1772","0,4812","54,8141","53,6444","","-0,03%"
"03.05.2020","0,4785","0,4820","0,4824","0,4736","","-99,12%"
"04.05.2020","54,7025","0,4788","55,0337","54,3572","","11.332,73%"
"05.05.2020","54,8480","0,4771","55,0224","54,3321","","0,27%"
"06.05.2020","54,1941","0,4809","54,9003","54,0479","","-1,19%"
"07.05.2020","55,2250","0,4794","55,3558","54,0679","","1,90%"
"08.05.2020","54,6771","0,4917","55,3815","54,6437","","-0,99%"
"10.05.2020","0,5007","0,4973","0,5007","0,4966","","-99,08%"
"11.05.2020","54,5270","0,5002","55,0517","54,3408","","10.791,16%"
"12.05.2020","54,6896","0,4969","54,9925","54,3894","","0,30%"
"13.05.2020","55,1478","0,4969","55,2228","54,5665","","0,84%"
"14.05.2020","55,5974","0,5012","55,8122","54,9459","","0,82%"
"15.05.2020","55,9744","0,5103","56,3040","55,5089","","0,68%"
"17.05.2020","0,5437","0,5356","0,5450","0,5354","","-99,03%"
"18.05.2020","55,7286","0,5439","56,7316","54,7334","","10.149,45%"
"19.05.2020","56,0949","0,5499","56,1821","55,4446","","0,66%"
"20.05.2020","56,2156","0,5589","56,3781","55,9548","","0,22%"
"21.05.2020","55,5301","0,5620","56,2155","55,1847","","-1,22%"
"22.05.2020","55,7751","0,5493","55,9265","55,3729","","0,44%"
"24.05.2020","0,5517","0,5534","0,5535","0,5514","","-99,01%"
"25.05.2020","55,5948","0,5514","55,7878","55,3021","","9.976,34%"
"26.05.2020","55,0036","0,5493","55,7843","54,8845","","-1,06%"
"27.05.2020","54,9237","0,5513","55,1511","54,4383","","-0,15%"
"28.05.2020","55,2414","0,5546","55,5175","54,8585","","0,58%"
"29.05.2020","55,6051","0,5601","55,8455","55,0352","","0,66%"
"31.05.2020","0,5808","0,5740","0,5823","0,5740","","-98,96%"
"01.06.2020","55,9479","0,5808","56,0770","55,5147","","9.533,58%"
"02.06.2020","55,5429","0,5894","56,0908","55,3188","","-0,72%"
"03.06.2020","54,5762","0,5802","55,6786","54,2990","","-1,74%"
"04.06.2020","55,0782","0,5681","55,3315","54,5334","","0,92%"
"05.06.2020","54,1814","0,5686","55,1639","53,6964","","-1,63%"
"07.06.2020","0,5603","0,5608","0,5614","0,5568","","-98,97%"
"08.06.2020","54,5763","0,5600","54,6690","53,9176","","9.641,09%"
"09.06.2020","55,1166","0,5693","55,3153","54,3883","","0,99%"
"10.06.2020","55,8635","0,5649","55,9236","54,9121","","1,36%"
"11.06.2020","55,5292","0,5778","56,0824","55,3307","","-0,60%"
"12.06.2020","55,6132","0,5673","56,0246","55,3666","","0,15%"
"14.06.2020","0,5629","0,5623","0,5636","0,5605","","-98,99%"
"15.06.2020","55,4474","0,5634","55,7446","54,7794","","9.750,69%"
"16.06.2020","55,5231","0,5596","55,7031","55,1523","","0,14%"
"17.06.2020","55,5015","0,5623","55,6167","55,0620","","-0,04%"
"18.06.2020","55,3834","0,5622","55,8294","55,1996","","-0,21%"
"19.06.2020","56,0337","0,5596","56,1002","55,3181","","1,17%"
"21.06.2020","0,5716","0,5660","0,5720","0,5660","","-98,98%"
"22.06.2020","56,4188","0,5717","56,6767","56,0323","","9.769,67%"
"23.06.2020","56,7947","0,5727","56,9280","56,1630","","0,67%"
"24.06.2020","56,6313","0,5781","57,1981","56,5882","","-0,29%"
"25.06.2020","56,6121","0,5633","56,8590","56,4214","","-0,03%"
"26.06.2020","56,9267","0,5717","56,9553","56,1734","","0,56%"
"28.06.2020","0,5731","0,5724","0,5762","0,5723","","-98,99%"
"29.06.2020","56,9548","0,5730","57,0699","56,7553","","9.838,33%"
"30.06.2020","57,2505","0,5737","57,4038","56,7386","","0,52%"
"01.07.2020","56,9069","0,5851","57,5164","56,5438","","-0,60%"
"02.07.2020","57,0697","0,5794","57,2029","56,4839","","0,29%"
"03.07.2020","57,0607","0,5770","57,1238","56,9637","","-0,02%"
"05.07.2020","0,5799","0,5800","0,5807","0,5796","","-98,98%"
"06.07.2020","57,3490","0,5797","57,4419","56,8991","","9.789,30%"
"07.07.2020","57,6887","0,5887","57,7726","57,0151","","0,59%"
"08.07.2020","58,1820","0,5875","58,4407","57,5871","","0,86%"
"09.07.2020","57,9619","0,6012","58,3732","57,7229","","-0,38%"
"10.07.2020","57,8170","0,6007","58,2044","57,6749","","-0,25%"
"12.07.2020","0,6042","0,6019","0,6052","0,6016","","-98,95%"
"13.07.2020","57,9668","0,6040","58,2882","56,4367","","9.493,60%"
"14.07.2020","58,1295","0,6150","58,2149","57,5745","","0,28%"
"15.07.2020","58,2507","0,6201","58,3344","57,9455","","0,21%"
"16.07.2020","57,7349","0,6255","58,2889","57,7002","","-0,89%"
"17.07.2020","58,1574","0,6163","58,2439","57,6819","","0,73%"
"19.07.2020","0,6222","0,6214","0,6227","0,6210","","-98,93%"
"20.07.2020","58,3558","0,6221","58,5162","58,0321","","9.278,34%"
"21.07.2020","59,1896","0,6403","59,2574","58,3487","","1,43%"
"22.07.2020","60,1782","0,7206","60,1889","59,1551","","1,67%"
"23.07.2020","60,6645","0,7340","61,0192","59,8582","","0,81%"
"24.07.2020","61,1177","0,7253","61,2791","60,4787","","0,75%"
"26.07.2020","0,7412","0,7323","0,7431","0,7305","","-98,79%"
"27.07.2020","62,4328","0,7403","62,5384","61,0460","","8.323,56%"
"28.07.2020","62,9810","0,8215","63,6766","61,3150","","0,88%"
"29.07.2020","63,3489","0,7792","63,6684","62,5202","","0,58%"
"30.07.2020","62,8810","0,7793","63,3770","62,3457","","-0,74%"
"31.07.2020","63,4877","0,7559","63,6554","62,8479","","0,96%"
"02.08.2020","0,7869","0,7856","0,7975","0,7768","","-98,76%"
"03.08.2020","63,5447","0,7899","63,8082","63,0022","","7.975,13%"
"04.08.2020","64,9015","0,7801","64,9286","63,2702","","2,14%"
"05.08.2020","65,5774","0,8432","66,0730","64,6013","","1,04%"
"06.08.2020","66,3330","0,8645","66,5266","65,4010","","1,15%"
"07.08.2020","65,4146","0,9574","66,6322","64,7863","","-1,38%"
"09.08.2020","0,8987","0,9078","0,9134","0,8929","","-98,63%"
"10.08.2020","65,1778","0,8977","65,8956","64,9092","","7.152,43%"
"11.08.2020","61,4480","0,9334","65,3042","61,1242","","-5,72%"
"12.08.2020","61,6380","0,8031","62,6618","59,9183","","0,31%"
"13.08.2020","62,7914","0,8248","63,2038","61,4865","","1,87%"
"14.08.2020","62,4932","0,8829","63,0826","62,1127","","-0,47%"
"16.08.2020","0,8426","0,8510","0,8636","0,8405","","-98,65%"
"17.08.2020","63,8658","0,8423","63,9876","62,0209","","7.479,39%"
"18.08.2020","64,3320","0,8788","64,7829","63,5717","","0,73%"
"19.08.2020","62,0361","0,8984","64,5015","61,8691","","-3,57%"
"20.08.2020","62,5528","0,8590","62,8543","61,8731","","0,83%"
"21.08.2020","62,3532","0,8831","62,8743","61,4400","","-0,32%"
"23.08.2020","0,8549","0,8611","0,8611","0,8465","","-98,63%"
"24.08.2020","61,9705","0,8550","62,7522","61,8466","","7.148,72%"
"25.08.2020","61,9847","0,8558","62,2853","61,5383","","0,02%"
"26.08.2020","62,8049","0,8520","62,8407","61,1579","","1,32%"
"27.08.2020","62,0158","0,8806","63,5306","61,3972","","-1,26%"
"28.08.2020","63,1598","0,8667","63,4466","61,8356","","1,84%"
"30.08.2020","0,8992","0,8837","0,9058","0,8837","","-98,58%"
"31.08.2020","63,2736","0,8989","63,5342","62,8273","","6.936,96%"
"01.09.2020","63,3415","0,9040","64,0413","63,1076","","0,11%"
"02.09.2020","62,4567","0,9097","63,4671","62,1276","","-1,40%"
"03.09.2020","62,0640","0,8850","62,7200","61,7811","","-0,63%"
"04.09.2020","62,0589","0,8527","62,4319","61,6085","","-0,01%"
"06.09.2020","0,8642","0,8668","0,8696","0,8639","","-98,61%"
"07.09.2020","62,0130","0,8641","62,4076","61,8602","","7.075,84%"
"08.09.2020","62,0807","0,8645","62,3874","61,2868","","0,11%"
"09.09.2020","62,5864","0,8562","62,7104","61,7218","","0,81%"
"10.09.2020","62,6187","0,8676","63,2063","62,4025","","0,05%"
"11.09.2020","62,4206","0,8625","62,9224","62,2782","","-0,32%"
"13.09.2020","0,8615","0,8596","0,8618","0,8581","","-98,62%"
"14.09.2020","62,9493","0,8618","63,0833","62,2692","","7.207,02%"
"15.09.2020","62,8071","0,8735","63,3919","62,6340","","-0,23%"
"16.09.2020","63,0091","0,8717","63,4385","62,6782","","0,32%"
"17.09.2020","62,4287","0,8730","63,0829","62,1268","","-0,92%"
"18.09.2020","62,6840","0,8705","63,0077","62,4062","","0,41%"
"20.09.2020","0,8595","0,8609","0,8632","0,8550","","-98,63%"
"21.09.2020","61,4905","0,8592","62,8656","60,5301","","7.054,46%"
"22.09.2020","61,0633","0,8034","61,7169","60,9101","","-0,69%"
"23.09.2020","59,9115","0,7861","61,2523","59,6396","","-1,89%"
"24.09.2020","60,0587","0,7082","60,3408","59,4007","","0,25%"
"25.09.2020","59,8020","0,7465","60,2765","59,5499","","-0,43%"
"27.09.2020","0,7392","0,7359","0,7423","0,7351","","-98,76%"
"28.09.2020","60,4816","0,7389","60,5309","59,4406","","8.081,60%"
"29.09.2020","61,0002","0,7643","61,0425","60,2852","","0,86%"
"30.09.2020","60,6183","0,7796","61,1494","60,4623","","-0,63%"
"01.10.2020","61,2487","0,7513","61,4613","60,5684","","1,04%"
"02.10.2020","61,0446","0,7646","61,6252","60,7260","","-0,33%"
"04.10.2020","0,7690","0,7642","0,7697","0,7622","","-98,74%"
"05.10.2020","61,5010","0,7688","61,6767","60,6427","","7.898,00%"
"06.10.2020","60,3510","0,7831","61,7522","60,2521","","-1,87%"
"07.10.2020","60,6756","0,7485","61,0095","60,2074","","0,54%"
"08.10.2020","60,8642","0,7642","61,0947","60,4852","","0,31%"
"09.10.2020","62,0326","0,7675","62,0560","60,8459","","1,92%"
"11.10.2020","0,8096","0,8092","0,8125","0,8047","","-98,69%"
"12.10.2020","61,7890","0,8090","62,1461","61,6522","","7.532,33%"
"13.10.2020","60,7916","0,8086","61,8935","60,6430","","-1,61%"
"14.10.2020","61,1149","0,7774","61,4886","60,5077","","0,53%"
"15.10.2020","61,3379","0,7783","61,3623","60,7279","","0,36%"
"16.10.2020","61,0533","0,7791","61,5239","60,9867","","-0,46%"
"18.10.2020","0,7781","0,7762","0,7792","0,7761","","-98,73%"
"19.10.2020","61,2236","0,7783","61,6718","60,9806","","7.768,78%"
"20.10.2020","61,2890","0,7843","61,5317","60,9050","","0,11%"
"21.10.2020","61,8739","0,7960","62,0835","61,3516","","0,95%"
"22.10.2020","61,2163","0,8020","61,9108","60,9066","","-1,06%"
"23.10.2020","61,1119","0,7939","61,5336","60,8983","","-0,17%"
"25.10.2020","0,7862","0,7918","0,7922","0,7782","","-98,71%"
"26.10.2020","61,1408","0,7861","61,3487","60,7710","","7.676,67%"
"27.10.2020","61,3060","0,7806","61,4387","60,9780","","0,27%"
"28.10.2020","60,3489","0,7820","61,4240","60,0965","","-1,56%"
"29.10.2020","60,0297","0,7539","60,5974","59,7656","","-0,53%"
"30.10.2020","60,3774","0,7496","60,7459","59,9318","","0,58%"
"01.11.2020","0,7542","0,7634","0,7634","0,7527","","-98,75%"
"02.11.2020","60,9382","0,7544","60,9407","60,2071","","7.979,70%"
"03.11.2020","61,2909","0,7738","61,4146","60,6433","","0,58%"
"04.11.2020","61,1902","0,7813","61,6027","60,5331","","-0,16%"
"05.11.2020","62,6797","0,7696","62,7714","61,1504","","2,43%"
"06.11.2020","62,7725","0,8082","63,0196","62,2052","","0,15%"
"08.11.2020","0,8340","0,8236","0,8357","0,8236","","-98,67%"
"09.11.2020","59,9550","0,8335","63,1868","59,4767","","7.088,63%"
"10.11.2020","60,2015","0,7790","60,7700","59,7936","","0,41%"
"11.11.2020","59,9340","0,7776","60,5768","59,6492","","-0,44%"
"12.11.2020","60,3119","0,7793","60,5514","59,8582","","0,63%"
"13.11.2020","60,6924","0,7801","60,9710","60,2180","","0,63%"
"15.11.2020","0,7939","0,7929","0,7955","0,7923","","-98,69%"
"16.11.2020","0,7961","0,7938","0,8057","0,7795","","0,28%"
"17.11.2020","0,7874","0,7964","0,7976","0,7848","","-1,09%"
"18.11.2020","0,7810","0,7875","0,7942","0,7794","","-0,81%"
"19.11.2020","0,7705","0,7807","0,7833","0,7614","","-1,34%"
"20.11.2020","0,7771","0,7706","0,7879","0,7703","","0,86%"
"22.11.2020","0,7783","0,7772","0,7783","0,7753","","0,15%"
"23.11.2020","0,7567","0,7781","0,7845","0,7536","","-2,77%"
"24.11.2020","0,7489","0,7565","0,7591","0,7374","","-1,03%"
"25.11.2020","0,7511","0,7486","0,7561","0,7430","","0,29%"
"26.11.2020","0,7463","0,7512","0,7547","0,7456","","-0,64%"
"27.11.2020","0,7289","0,7454","0,7498","0,7185","","-2,34%"
"29.11.2020","0,7286","0,7289","0,7312","0,7285","","-0,03%"
"30.11.2020","0,7286","0,7285","0,7293","0,7042","","0,00%"
"01.12.2020","0,7662","0,7286","0,7730","0,7273","","5,16%"
"02.12.2020","0,7731","0,7663","0,7817","0,7573","","0,90%"
"03.12.2020","0,7731","0,7729","0,7807","0,7638","","0,00%"
"04.12.2020","0,7779","0,7729","0,7821","0,7698","","0,62%"
"06.12.2020","0,7755","0,7784","0,7788","0,7748","","-0,32%"
"07.12.2020","0,7886","0,7759","0,7966","0,7584","","1,69%"
"08.12.2020","0,7896","0,7889","0,7991","0,7857","","0,13%"
"09.12.2020","0,7682","0,7897","0,7902","0,7597","","-2,70%"
"10.12.2020","0,7711","0,7683","0,7805","0,7632","","0,38%"
"11.12.2020","0,7696","0,7713","0,7753","0,7593","","-0,19%"
"13.12.2020","0,7702","0,7696","0,7872","0,7691","","0,08%"
"14.12.2020","0,7669","0,7698","0,7789","0,7621","","-0,43%"
"15.12.2020","0,7874","0,7668","0,7895","0,7666","","2,68%"
"16.12.2020","0,8152","0,7872","0,8184","0,7862","","3,53%"
"17.12.2020","0,8335","0,8157","0,8384","0,8096","","2,24%"
"18.12.2020","0,8298","0,8333","0,8390","0,8252","","-0,45%"
"20.12.2020","0,8314","0,8290","0,8330","0,8290","","0,19%"
"21.12.2020","0,8441","0,8315","0,8803","0,8109","","1,53%"
"22.12.2020","0,8161","0,8442","0,8538","0,8069","","-3,31%"
"23.12.2020","0,8218","0,8164","0,8288","0,8069","","0,69%"
"24.12.2020","0,8291","0,8222","0,8327","0,8180","","0,89%"
"25.12.2020","0,8291","0,8291","0,8291","0,8291","","0,00%"
"27.12.2020","0,8396","0,8291","0,8402","0,8291","","1,27%"
"28.12.2020","0,8488","0,8406","0,8603","0,8404","","1,10%"
"29.12.2020","0,8414","0,8491","0,8551","0,8355","","-0,88%"
"30.12.2020","0,8570","0,8414","0,8580","0,8405","","1,86%"
"31.12.2020","0,8483","0,8568","0,8583","0,8433","","-1,02%"
"01.01.2021","0,8482","0,8483","0,8483","0,8482","","0,00%"
"03.01.2021","0,8637","0,8482","0,8651","0,8482","","1,82%"
"04.01.2021","0,8738","0,8632","0,8861","0,8595","","1,17%"
"05.01.2021","0,8870","0,8728","0,8901","0,8686","","1,51%"
"06.01.2021","0,8778","0,8868","0,8973","0,8584","","-1,03%"
"07.01.2021","0,8740","0,8772","0,8790","0,8657","","-0,44%"
"08.01.2021","0,8173","0,8733","0,8748","0,7895","","-6,49%"
"10.01.2021","0,8043","0,8182","0,8198","0,8003","","-1,58%"
"11.01.2021","0,8055","0,8055","0,8126","0,7857","","0,14%"
"12.01.2021","0,8250","0,8056","0,8250","0,8037","","2,42%"
"13.01.2021","0,8144","0,8249","0,8259","0,8091","","-1,28%"
"14.01.2021","0,8222","0,8143","0,8322","0,8070","","0,95%"
"15.01.2021","0,7958","0,8221","0,8286","0,7909","","-3,21%"
"17.01.2021","0,7787","0,7963","0,7982","0,7787","","-2,14%"
"18.01.2021","0,8039","0,7794","0,8081","0,7789","","3,23%"
"19.01.2021","0,8113","0,8040","0,8167","0,8031","","0,92%"
"20.01.2021","0,8309","0,8109","0,8324","0,8054","","2,41%"
"21.01.2021","0,8335","0,8304","0,8373","0,8246","","0,31%"
"22.01.2021","0,8200","0,8337","0,8345","0,8056","","-1,62%"
"24.01.2021","0,8214","0,8185","0,8236","0,8185","","0,18%"
"25.01.2021","0,8146","0,8217","0,8276","0,8099","","-0,83%"
"26.01.2021","0,8183","0,8142","0,8239","0,8103","","0,45%"
"27.01.2021","0,8090","0,8182","0,8189","0,7952","","-1,13%"
"28.01.2021","0,8515","0,8097","0,8600","0,7996","","5,25%"
"29.01.2021","0,8688","0,8522","0,8881","0,8376","","2,03%"
"31.01.2021","0,9184","0,8684","0,9318","0,8684","","5,71%"
"01.02.2021","0,9164","0,9205","0,9643","0,8994","","-0,22%"
"02.02.2021","0,8625","0,9172","0,9284","0,8461","","-5,87%"
"03.02.2021","0,8629","0,8622","0,8737","0,8521","","0,05%"
"04.02.2021","0,8465","0,8626","0,8633","0,8332","","-1,90%"
"05.02.2021","0,8654","0,8470","0,8691","0,8428","","2,23%"
"07.02.2021","0,8758","0,8649","0,8771","0,8649","","1,21%"
"08.02.2021","0,8766","0,8765","0,8863","0,8637","","0,09%"
"09.02.2021","0,8755","0,8767","0,8939","0,8716","","-0,13%"
"10.02.2021","0,8684","0,8753","0,8848","0,8640","","-0,80%"
"11.02.2021","0,8679","0,8685","0,8770","0,8588","","-0,06%"
"12.02.2021","0,8794","0,8680","0,8813","0,8643","","1,33%"
"14.02.2021","0,8818","0,8792","0,8856","0,8792","","0,28%"
"15.02.2021","0,8868","0,8818","0,8902","0,8804","","0,56%"
"16.02.2021","0,8709","0,8865","0,8985","0,8628","","-1,79%"
"17.02.2021","0,8812","0,8709","0,8825","0,8636","","1,18%"
"18.02.2021","0,8443","0,8810","0,8845","0,8443","","-4,19%"
"19.02.2021","0,8766","0,8529","0,8873","0,8528","","3,83%"
"21.02.2021","0,8812","0,8767","0,8858","0,8767","","0,53%"
"22.02.2021","0,9067","0,8808","0,9088","0,8778","","2,89%"
"23.02.2021","0,8897","0,9069","0,9104","0,8784","","-1,88%"
"24.02.2021","0,8980","0,8894","0,9012","0,8787","","0,94%"
"25.02.2021","0,8838","0,8980","0,9064","0,8778","","-1,58%"
"26.02.2021","0,8576","0,8838","0,8869","0,8407","","-2,97%"
"28.02.2021","0,8614","0,8576","0,8617","0,8576","","0,44%"
"01.03.2021","0,8530","0,8621","0,8703","0,8502","","-0,97%"
"02.03.2021","0,8590","0,8525","0,8644","0,8321","","0,70%"
"03.03.2021","0,8363","0,8592","0,8619","0,8316","","-2,65%"
"04.03.2021","0,8150","0,8353","0,8455","0,8066","","-2,55%"
"05.03.2021","0,8116","0,8136","0,8185","0,7991","","-0,42%"
"07.03.2021","0,8184","0,8120","0,8220","0,8120","","0,84%"
"08.03.2021","0,8096","0,8172","0,8334","0,8024","","-1,07%"
"09.03.2021","0,8340","0,8100","0,8400","0,8058","","3,01%"
"10.03.2021","0,8418","0,8343","0,8435","0,8220","","0,94%"
"11.03.2021","0,8391","0,8418","0,8504","0,8314","","-0,32%"
"12.03.2021","0,8339","0,8392","0,8413","0,8167","","-0,62%"
"14.03.2021","0,8357","0,8338","0,8383","0,8338","","0,21%"
"15.03.2021","0,8431","0,8354","0,8454","0,8301","","0,88%"
"16.03.2021","0,8336","0,8432","0,8456","0,8307","","-1,12%"
"17.03.2021","0,8479","0,8339","0,8522","0,8288","","1,72%"
"18.03.2021","0,8370","0,8478","0,8561","0,8315","","-1,29%"
"19.03.2021","0,8435","0,8365","0,8459","0,8322","","0,78%"
"21.03.2021","0,8321","0,8436","0,8436","0,8312","","-1,34%"
"22.03.2021","0,8298","0,8319","0,8344","0,8172","","-0,28%"
"23.03.2021","0,8054","0,8300","0,8303","0,8044","","-2,93%"
"24.03.2021","0,8062","0,8064","0,8150","0,8039","","0,09%"
"25.03.2021","0,8072","0,8067","0,8094","0,7854","","0,13%"
"26.03.2021","0,8058","0,8069","0,8116","0,8004","","-0,18%"
"28.03.2021","0,8048","0,8059","0,8069","0,8037","","-0,12%"
"29.03.2021","0,7933","0,8044","0,8047","0,7862","","-1,43%"
"30.03.2021","0,7722","0,7929","0,7948","0,7674","","-2,66%"
"31.03.2021","0,7855","0,7716","0,7882","0,7649","","1,73%"
"01.04.2021","0,8033","0,7858","0,8033","0,7800","","2,26%"
"02.04.2021","0,8028","0,8033","0,8043","0,8028","","-0,06%"
"04.04.2021","0,8045","0,8028","0,8045","0,8018","","0,21%"
"05.04.2021","0,7979","0,8042","0,8063","0,7916","","-0,82%"
"06.04.2021","0,8090","0,7979","0,8128","0,7966","","1,39%"
"07.04.2021","0,8089","0,8092","0,8125","0,7994","","-0,02%"
"08.04.2021","0,8170","0,8088","0,8232","0,8036","","1,01%"
"09.04.2021","0,8119","0,8172","0,8197","0,8041","","-0,62%"
"11.04.2021","0,8122","0,8120","0,8125","0,8104","","0,03%"
"12.04.2021","0,7977","0,8120","0,8126","0,7947","","-1,78%"
"13.04.2021","0,8154","0,7974","0,8185","0,7943","","2,22%"
"14.04.2021","0,8171","0,8154","0,8208","0,8106","","0,21%"
"15.04.2021","0,8308","0,8172","0,8354","0,8144","","1,68%"
"16.04.2021","0,8347","0,8309","0,8455","0,8282","","0,47%"
"18.04.2021","0,8339","0,8350","0,8364","0,8333","","-0,10%"
"19.04.2021","0,8314","0,8337","0,8429","0,8247","","-0,30%"
"20.04.2021","0,8291","0,8311","0,8385","0,8265","","-0,27%"
"21.04.2021","0,8528","0,8289","0,8566","0,8286","","2,85%"
"22.04.2021","0,8399","0,8527","0,8545","0,8354","","-1,51%"
"23.04.2021","0,8362","0,8397","0,8485","0,8317","","-0,44%"
"25.04.2021","0,8351","0,8372","0,8372","0,8337","","-0,13%"
"26.04.2021","0,8427","0,8346","0,8435","0,8318","","0,91%"
"27.04.2021","0,8433","0,8427","0,8503","0,8378","","0,07%"
"28.04.2021","0,8461","0,8433","0,8461","0,8309","","0,33%"
"29.04.2021","0,8393","0,8463","0,8512","0,8279","","-0,80%"
"30.04.2021","0,8333","0,8388","0,8421","0,8300","","-0,71%"
"02.05.2021","0,8315","0,8333","0,8335","0,8307","","-0,21%"
"03.05.2021","0,8642","0,8314","0,8679","0,8301","","3,93%"
"04.05.2021","0,8513","0,8651","0,8713","0,8437","","-1,50%"
"05.05.2021","0,8505","0,8515","0,8545","0,8398","","-0,09%"
"06.05.2021","0,8775","0,8507","0,8826","0,8430","","3,18%"
"07.05.2021","0,8826","0,8769","0,8889","0,8728","","0,58%"
"09.05.2021","0,8893","0,8829","0,8894","0,8829","","0,75%"
"10.05.2021","0,8785","0,8884","0,8959","0,8760","","-1,21%"
"11.05.2021","0,8866","0,8783","0,8895","0,8717","","0,92%"
"12.05.2021","0,8720","0,8871","0,8900","0,8668","","-1,64%"
"13.05.2021","0,8694","0,8712","0,8757","0,8603","","-0,30%"
"14.05.2021","0,8815","0,8698","0,8832","0,8626","","1,39%"
"16.05.2021","0,8839","0,8817","0,8842","0,8811","","0,26%"
"17.05.2021","0,9085","0,8831","0,9094","0,8795","","2,79%"
"18.05.2021","0,9055","0,9086","0,9236","0,9017","","-0,33%"
"19.05.2021","0,8876","0,9054","0,9073","0,8800","","-1,98%"
"20.05.2021","0,8909","0,8875","0,8999","0,8820","","0,37%"
"21.05.2021","0,8861","0,8908","0,9022","0,8752","","-0,54%"
"23.05.2021","0,8864","0,8862","0,8871","0,8848","","0,03%"
"24.05.2021","0,8902","0,8867","0,8967","0,8836","","0,43%"
"25.05.2021","0,8995","0,8896","0,9011","0,8833","","1,05%"
"26.05.2021","0,8902","0,8999","0,9077","0,8882","","-1,03%"
"27.05.2021","0,8964","0,8898","0,8970","0,8844","","0,70%"
"28.05.2021","0,8979","0,8967","0,8993","0,8813","","0,17%"
"30.05.2021","0,8983","0,8972","0,8991","0,8972","","0,05%"
"31.05.2021","0,9029","0,8983","0,9044","0,8965","","0,51%"
"01.06.2021","0,8954","0,9027","0,9167","0,8946","","-0,83%"
"02.06.2021","0,9051","0,8952","0,9063","0,8906","","1,08%"
"03.06.2021","0,8820","0,9054","0,9077","0,8708","","-2,55%"
"04.06.2021","0,8937","0,8824","0,8952","0,8759","","1,32%"
"06.06.2021","0,8924","0,8930","0,8933","0,8919","","-0,14%"
"07.06.2021","0,8969","0,8920","0,8987","0,8837","","0,50%"
"08.06.2021","0,8885","0,8967","0,8995","0,8846","","-0,93%"
"09.06.2021","0,8945","0,8883","0,8998","0,8852","","0,67%"
"10.06.2021","0,8990","0,8940","0,9012","0,8838","","0,51%"
"11.06.2021","0,8977","0,8997","0,9091","0,8970","","-0,15%"
"13.06.2021","0,8948","0,8981","0,9001","0,8948","","-0,32%"
"14.06.2021","0,8963","0,8951","0,9006","0,8835","","0,17%"
"15.06.2021","0,8900","0,8960","0,8965","0,8815","","-0,70%"
"16.06.2021","0,8733","0,8905","0,8944","0,8630","","-1,88%"
"17.06.2021","0,8362","0,8728","0,8749","0,8290","","-4,25%"
"18.06.2021","0,8297","0,8362","0,8508","0,8287","","-0,77%"
"20.06.2021","0,8325","0,8296","0,8338","0,8296","","0,33%"
"21.06.2021","0,8342","0,8325","0,8381","0,8218","","0,21%"
"22.06.2021","0,8287","0,8339","0,8370","0,8271","","-0,66%"
"23.06.2021","0,8316","0,8287","0,8448","0,8281","","0,35%"
"24.06.2021","0,8341","0,8317","0,8407","0,8302","","0,30%"
"25.06.2021","0,8391","0,8339","0,8449","0,8333","","0,61%"
"27.06.2021","0,8401","0,8386","0,8406","0,8386","","0,12%"
"28.06.2021","0,8393","0,8397","0,8428","0,8299","","-0,10%"
"29.06.2021","0,8294","0,8395","0,8395","0,8218","","-1,18%"
"30.06.2021","0,8390","0,8295","0,8407","0,8265","","1,16%"
"01.07.2021","0,8361","0,8390","0,8483","0,8343","","-0,35%"
"02.07.2021","0,8508","0,8362","0,8539","0,8355","","1,76%"
"04.07.2021","0,8502","0,8502","0,8512","0,8496","","-0,07%"
"05.07.2021","0,8497","0,8501","0,8556","0,8482","","-0,06%"
"06.07.2021","0,8395","0,8495","0,8605","0,8364","","-1,20%"
"07.07.2021","0,8405","0,8395","0,8498","0,8358","","0,12%"
"08.07.2021","0,8335","0,8404","0,8425","0,8301","","-0,83%"
"09.07.2021","0,8392","0,8335","0,8422","0,8286","","0,68%"
"11.07.2021","0,8391","0,8385","0,8397","0,8385","","-0,02%"
"12.07.2021","0,8442","0,8392","0,8445","0,8320","","0,61%"
"13.07.2021","0,8350","0,8445","0,8471","0,8343","","-1,10%"
"14.07.2021","0,8429","0,8349","0,8506","0,8342","","0,95%"
"15.07.2021","0,8464","0,8430","0,8485","0,8415","","0,41%"
"16.07.2021","0,8254","0,8462","0,8501","0,8233","","-2,48%"
"18.07.2021","0,8269","0,8253","0,8269","0,8246","","0,19%"
"19.07.2021","0,8090","0,8266","0,8275","0,8039","","-2,16%"
"20.07.2021","0,8027","0,8095","0,8123","0,7981","","-0,78%"
"21.07.2021","0,8127","0,8026","0,8136","0,7964","","1,24%"
"22.07.2021","0,8173","0,8125","0,8184","0,8044","","0,57%"
"23.07.2021","0,8096","0,8172","0,8190","0,8042","","-0,94%"
"25.07.2021","0,8087","0,5632","0,8098","0,5632","","-0,11%"
"26.07.2021","0,8092","0,8088","0,8177","0,8082","","0,06%"
"27.07.2021","0,7952","0,8090","0,8123","0,7876","","-1,73%"
"28.07.2021","0,8052","0,7956","0,8052","0,7930","","1,26%"
"29.07.2021","0,8208","0,8052","0,8294","0,8044","","1,93%"
"30.07.2021","0,8196","0,8206","0,8242","0,8150","","-0,14%"
"01.08.2021","0,8201","0,8195","0,8204","0,8193","","0,06%"
"02.08.2021","0,8166","0,8199","0,8238","0,8136","","-0,43%"
"03.08.2021","0,8219","0,8164","0,8225","0,8118","","0,65%"
"04.08.2021","0,8157","0,8219","0,8359","0,8146","","-0,75%"
"05.08.2021","0,8084","0,8157","0,8201","0,8069","","-0,89%"
"06.08.2021","0,7828","0,8087","0,8102","0,7788","","-3,17%"
"08.08.2021","0,7587","0,7826","0,7832","0,7238","","-3,09%"
"09.08.2021","0,7544","0,7559","0,7732","0,7474","","-0,56%"
"10.08.2021","0,7502","0,7545","0,7610","0,7471","","-0,56%"
"11.08.2021","0,7566","0,7501","0,7584","0,7467","","0,85%"
"12.08.2021","0,7463","0,7564","0,7568","0,7405","","-1,36%"
"13.08.2021","0,7634","0,7462","0,7661","0,7453","","2,29%"
"15.08.2021","0,7617","0,7638","0,7642","0,7616","","-0,23%"
"16.08.2021","0,7682","0,7617","0,7683","0,7537","","0,86%"
"17.08.2021","0,7609","0,7683","0,7702","0,7585","","-0,96%"
"18.08.2021","0,7556","0,7609","0,7660","0,7492","","-0,70%"
"19.08.2021","0,7466","0,7555","0,7558","0,7427","","-1,19%"
"20.08.2021","0,7406","0,7467","0,7499","0,7358","","-0,81%"
"22.08.2021","0,7394","0,7402","0,7424","0,7393","","-0,16%"
"23.08.2021","0,7589","0,7398","0,7616","0,7389","","2,63%"
"24.08.2021","0,7662","0,7590","0,7700","0,7571","","0,96%"
"25.08.2021","0,7671","0,7663","0,7681","0,7601","","0,12%"
"26.08.2021","0,7586","0,7672","0,7674","0,7536","","-1,11%"
"27.08.2021","0,7722","0,7584","0,7753","0,7510","","1,79%"
"29.08.2021","0,7743","0,7724","0,7748","0,7724","","0,28%"
"30.08.2021","0,7727","0,7744","0,7784","0,7689","","-0,21%"
"31.08.2021","0,7687","0,7725","0,7781","0,7662","","-0,51%"
"01.09.2021","0,7766","0,7685","0,7802","0,7640","","1,03%"
"02.09.2021","0,7682","0,7768","0,7786","0,7653","","-1,07%"
"03.09.2021","0,7945","0,7681","0,7995","0,7678","","3,42%"
"05.09.2021","0,7957","0,7950","0,7974","0,7950","","0,15%"
"06.09.2021","0,7935","0,7957","0,7979","0,7924","","-0,27%"
"07.09.2021","0,7822","0,7932","0,7981","0,7771","","-1,42%"
"08.09.2021","0,7711","0,7822","0,7849","0,7694","","-1,42%"
"09.09.2021","0,7733","0,7711","0,7807","0,7670","","0,28%"
"10.09.2021","0,7633","0,7733","0,7810","0,7630","","-1,28%"
"12.09.2021","0,7645","0,7633","0,7656","0,7633","","0,15%"
"13.09.2021","0,7634","0,7644","0,7668","0,7527","","-0,14%"
"14.09.2021","0,7669","0,7634","0,7702","0,7546","","0,46%"
"15.09.2021","0,7683","0,7671","0,7685","0,7609","","0,17%"
"16.09.2021","0,7375","0,7681","0,7705","0,7271","","-4,01%"
"17.09.2021","0,7200","0,7375","0,7438","0,7184","","-2,36%"
"19.09.2021","0,7194","0,7203","0,7207","0,7131","","-0,08%"
"20.09.2021","0,7169","0,7193","0,7236","0,7087","","-0,35%"
"21.09.2021","0,7236","0,7167","0,7305","0,7151","","0,92%"
"22.09.2021","0,7294","0,7234","0,7438","0,7226","","0,81%"
"23.09.2021","0,7254","0,7297","0,7351","0,7229","","-0,55%"
"24.09.2021","0,7211","0,7256","0,7329","0,7112","","-0,59%"
"26.09.2021","0,7208","0,7213","0,7218","0,7203","","-0,04%"
"27.09.2021","0,7278","0,7208","0,7344","0,7208","","0,97%"
"28.09.2021","0,7232","0,7277","0,7290","0,7110","","-0,63%"
"29.09.2021","0,6934","0,7234","0,7249","0,6893","","-4,11%"
"30.09.2021","0,7105","0,6933","0,7148","0,6906","","2,46%"
"01.10.2021","0,7245","0,7109","0,7260","0,7072","","1,97%"
"03.10.2021","0,7285","0,7247","0,7319","0,7246","","0,56%"
"04.10.2021","0,7271","0,7286","0,7299","0,7168","","-0,20%"
"05.10.2021","0,7276","0,7273","0,7283","0,7199","","0,07%"
"06.10.2021","0,7284","0,7271","0,7292","0,7144","","0,12%"
"07.10.2021","0,7263","0,7288","0,7332","0,7202","","-0,30%"
"08.10.2021","0,7288","0,7260","0,7454","0,7213","","0,35%"
"10.10.2021","0,7269","0,7289","0,7303","0,7258","","-0,27%"
"11.10.2021","0,7254","0,7270","0,7336","0,7236","","-0,20%"
"12.10.2021","0,7247","0,7253","0,7311","0,7187","","-0,10%"
"13.10.2021","0,7416","0,7245","0,7471","0,7231","","2,33%"
"14.10.2021","0,7557","0,7416","0,7582","0,7363","","1,90%"
"15.10.2021","0,7494","0,7557","0,7583","0,7420","","-0,84%"
"17.10.2021","0,7512","0,7486","0,7518","0,7486","","0,24%"
"18.10.2021","0,7456","0,7504","0,7540","0,7404","","-0,74%"
"19.10.2021","0,7601","0,7459","0,7752","0,7458","","1,94%"
"20.10.2021","0,7811","0,7601","0,7852","0,7580","","2,75%"
"21.10.2021","0,7767","0,7812","0,7869","0,7719","","-0,56%"
"22.10.2021","0,7821","0,7766","0,7981","0,7756","","0,70%"
"24.10.2021","0,7840","0,7807","0,7845","0,7807","","0,25%"
"25.10.2021","0,7894","0,7843","0,7912","0,7817","","0,68%"
"26.10.2021","0,7763","0,7895","0,7895","0,7679","","-1,65%"
"27.10.2021","0,7728","0,7763","0,7794","0,7669","","-0,45%"
"28.10.2021","0,7738","0,7728","0,7790","0,7709","","0,12%"
"29.10.2021","0,7682","0,7737","0,7741","0,7608","","-0,72%"
"31.10.2021","0,7644","0,7680","0,7686","0,7637","","-0,49%"
"01.11.2021","0,7723","0,7649","0,7745","0,7636","","1,04%"
"02.11.2021","0,7564","0,7725","0,7737","0,7521","","-2,06%"
"03.11.2021","0,7624","0,7564","0,7624","0,7405","","0,80%"
"04.11.2021","0,7645","0,7626","0,7727","0,7538","","0,27%"
"05.11.2021","0,7770","0,7644","0,7770","0,7601","","1,64%"
"07.11.2021","0,7759","0,7770","0,7779","0,7759","","-0,14%"
"08.11.2021","0,7860","0,7758","0,7881","0,7736","","1,30%"
"09.11.2021","0,7816","0,7860","0,7866","0,7733","","-0,56%"
"10.11.2021","0,7924","0,7814","0,8080","0,7739","","1,38%"
"11.11.2021","0,8116","0,7923","0,8123","0,7907","","2,43%"
"12.11.2021","0,8140","0,8116","0,8155","0,7991","","0,29%"
"14.11.2021","0,8145","0,8148","0,8160","0,8126","","0,06%"
"15.11.2021","0,8057","0,8148","0,8153","0,8014","","-1,07%"
"16.11.2021","0,7984","0,8058","0,8165","0,7965","","-0,91%"
"17.11.2021","0,8057","0,7984","0,8100","0,7978","","0,91%"
"18.11.2021","0,7982","0,8057","0,8088","0,7946","","-0,93%"
"19.11.2021","0,7919","0,7982","0,8028","0,7898","","-0,79%"
"21.11.2021","0,7908","0,7920","0,7924","0,7887","","-0,13%"
"22.11.2021","0,7793","0,7916","0,8001","0,7750","","-1,45%"
"23.11.2021","0,7605","0,7793","0,7820","0,7485","","-2,41%"
"24.11.2021","0,7578","0,7609","0,7613","0,7523","","-0,35%"
"25.11.2021","0,7577","0,7576","0,7629","0,7576","","-0,02%"
"26.11.2021","0,7446","0,7579","0,7626","0,7371","","-1,74%"
"28.11.2021","0,7495","0,7446","0,7495","0,7435","","0,67%"
"29.11.2021","0,7378","0,7496","0,7536","0,7318","","-1,57%"
"30.11.2021","0,7332","0,7374","0,7494","0,7307","","-0,62%"
"01.12.2021","0,7195","0,7335","0,7404","0,7136","","-1,86%"
"02.12.2021","0,7197","0,7195","0,7234","0,7149","","0,02%"
"03.12.2021","0,7250","0,7197","0,7253","0,7090","","0,74%"
"05.12.2021","0,7261","0,7253","0,7265","0,7234","","0,15%"
"06.12.2021","0,7199","0,7261","0,7267","0,7117","","-0,85%"
"07.12.2021","0,7239","0,7199","0,7266","0,7149","","0,55%"
"08.12.2021","0,7219","0,7239","0,7255","0,7175","","-0,28%"
"09.12.2021","0,7069","0,7218","0,7225","0,7031","","-2,08%"
"10.12.2021","0,7133","0,7069","0,7141","0,7019","","0,91%"
"12.12.2021","0,7147","0,7128","0,7153","0,7128","","0,19%"
"13.12.2021","0,7172","0,7145","0,7203","0,7121","","0,35%"
"14.12.2021","0,7065","0,7173","0,7180","0,6982","","-1,49%"
"15.12.2021","0,7100","0,7065","0,7115","0,6890","","0,49%"
"16.12.2021","0,7220","0,7104","0,7244","0,7050","","1,70%"
"17.12.2021","0,7188","0,7222","0,7290","0,7188","","-0,44%"
"19.12.2021","0,7192","0,7184","0,7203","0,7184","","0,05%"
"20.12.2021","0,7156","0,7189","0,7217","0,7136","","-0,49%"
"21.12.2021","0,7234","0,7157","0,7321","0,7133","","1,08%"
"22.12.2021","0,7323","0,7234","0,7341","0,7217","","1,23%"
"23.12.2021","0,7356","0,7321","0,7373","0,7288","","0,46%"
"24.12.2021","0,7355","0,7356","0,7431","0,7332","","-0,02%"
"26.12.2021","0,7349","0,7355","0,7355","0,7326","","-0,08%"
"27.12.2021","0,7411","0,7346","0,7431","0,7284","","0,84%"
"28.12.2021","0,7398","0,7411","0,7532","0,7385","","-0,17%"
"29.12.2021","0,7339","0,7397","0,7445","0,7266","","-0,79%"
"30.12.2021","0,7418","0,7338","0,7431","0,7268","","1,07%"
"31.12.2021","0,7478","0,7418","0,7499","0,7408","","0,81%"
"02.01.2022","0,7487","0,7478","0,7521","0,7477","","0,12%"
"03.01.2022","0,7369","0,7487","0,7492","0,7294","","-1,59%"
"04.01.2022","0,7414","0,7368","0,7427","0,7288","","0,61%"
"05.01.2022","0,7324","0,7414","0,7476","0,7309","","-1,20%"
"06.01.2022","0,7136","0,7322","0,7337","0,7075","","-2,57%"
"07.01.2022","0,7194","0,7133","0,7209","0,7061","","0,80%"
"09.01.2022","0,7191","0,7191","0,7201","0,7182","","-0,04%"
"10.01.2022","0,7232","0,7189","0,7240","0,7137","","0,58%"
"11.01.2022","0,7318","0,7231","0,7331","0,7225","","1,18%"
"12.01.2022","0,7436","0,7317","0,7465","0,7282","","1,62%"
"13.01.2022","0,7414","0,7437","0,7476","0,7397","","-0,31%"
"14.01.2022","0,7381","0,7413","0,7492","0,7341","","-0,44%"
"16.01.2022","0,7376","0,7385","0,7389","0,7369","","-0,06%"
"17.01.2022","0,7402","0,7378","0,7433","0,7342","","0,35%"
"18.01.2022","0,7547","0,7404","0,7595","0,7333","","1,96%"
"19.01.2022","0,7747","0,7547","0,7783","0,7521","","2,65%"
"20.01.2022","0,7840","0,7749","0,7940","0,7742","","1,20%"
"21.01.2022","0,7810","0,7838","0,7898","0,7775","","-0,39%"
"23.01.2022","0,7809","0,7810","0,7816","0,7782","","-0,02%"
"24.01.2022","0,7702","0,7808","0,7808","0,7581","","-1,37%"
"25.01.2022","0,7683","0,7701","0,7706","0,7591","","-0,24%"
"26.01.2022","0,7585","0,7683","0,7703","0,7537","","-1,27%"
"27.01.2022","0,7311","0,7584","0,7584","0,7260","","-3,61%"
"28.01.2022","0,7227","0,7313","0,7333","0,7127","","-1,15%"
"30.01.2022","0,7202","0,7227","0,7227","0,7194","","-0,35%"
"31.01.2022","0,7230","0,7201","0,7275","0,7155","","0,39%"
"01.02.2022","0,7275","0,7227","0,7405","0,7205","","0,62%"
"02.02.2022","0,7273","0,7275","0,7350","0,7228","","-0,02%"
"03.02.2022","0,7211","0,7274","0,7285","0,7077","","-0,86%"
"04.02.2022","0,7240","0,7209","0,7278","0,7118","","0,40%"
"06.02.2022","0,7266","0,7236","0,7269","0,7236","","0,36%"
"07.02.2022","0,7407","0,7268","0,7427","0,7266","","1,95%"
"08.02.2022","0,7456","0,7409","0,7478","0,7324","","0,66%"
"09.02.2022","0,7488","0,7457","0,7509","0,7428","","0,43%"
"10.02.2022","0,7454","0,7487","0,7623","0,7444","","-0,46%"
"11.02.2022","0,7579","0,7453","0,7615","0,7356","","1,68%"
"13.02.2022","0,7597","0,7576","0,7601","0,7568","","0,24%"
"14.02.2022","0,7677","0,7597","0,7695","0,7576","","1,05%"
"15.02.2022","0,7516","0,7678","0,7710","0,7426","","-2,09%"
"16.02.2022","0,7584","0,7516","0,7608","0,7486","","0,91%"
"17.02.2022","0,7666","0,7585","0,7689","0,7533","","1,07%"
"18.02.2022","0,7693","0,7665","0,7746","0,7617","","0,36%"
"20.02.2022","0,7716","0,7681","0,7731","0,7681","","0,29%"
"21.02.2022","0,7721","0,7715","0,7763","0,7619","","0,07%"
"22.02.2022","0,7762","0,7717","0,7830","0,7687","","0,52%"
"23.02.2022","0,7896","0,7762","0,7906","0,7725","","1,73%"
"24.02.2022","0,7776","0,7892","0,8233","0,7679","","-1,51%"
"25.02.2022","0,7802","0,7781","0,7874","0,7678","","0,33%"
"27.02.2022","0,7860","0,7804","0,7930","0,7768","","0,75%"
"28.02.2022","0,7851","0,7861","0,7899","0,7749","","-0,12%"
"01.03.2022","0,8158","0,7851","0,8203","0,7810","","3,90%"
"02.03.2022","0,8117","0,8158","0,8161","0,8012","","-0,50%"
"03.03.2022","0,8072","0,8118","0,8189","0,8029","","-0,56%"
"04.03.2022","0,8263","0,8073","0,8273","0,8053","","2,37%"
"06.03.2022","0,8376","0,8266","0,8384","0,8266","","1,37%"
"07.03.2022","0,8262","0,8381","0,8401","0,8138","","-1,37%"
"08.03.2022","0,8509","0,8264","0,8647","0,8155","","2,99%"
"09.03.2022","0,8246","0,8510","0,8609","0,8177","","-3,09%"
"10.03.2022","0,8328","0,8246","0,8375","0,8152","","0,99%"
"11.03.2022","0,8308","0,8327","0,8357","0,8175","","-0,23%"
"13.03.2022","0,8218","0,8306","0,8319","0,8210","","-1,09%"
"14.03.2022","0,8064","0,8224","0,8283","0,8024","","-1,87%"
"15.03.2022","0,8020","0,8060","0,8061","0,7893","","-0,55%"
"16.03.2022","0,8084","0,8013","0,8092","0,7878","","0,80%"
"17.03.2022","0,8168","0,8083","0,8210","0,8060","","1,04%"
"18.03.2022","0,8026","0,8163","0,8181","0,7986","","-1,73%"
"20.03.2022","0,8011","0,8026","0,8083","0,8010","","-0,19%"
"21.03.2022","0,8113","0,8010","0,8131","0,8003","","1,27%"
"22.03.2022","0,7961","0,8109","0,8161","0,7915","","-1,88%"
"23.03.2022","0,8092","0,7957","0,8103","0,7934","","1,65%"
"24.03.2022","0,8227","0,8091","0,8306","0,8029","","1,67%"
"25.03.2022","0,8203","0,8226","0,8270","0,8124","","-0,29%"
"27.03.2022","0,8183","0,8203","0,8224","0,8178","","-0,24%"
"28.03.2022","0,8018","0,8183","0,8187","0,7973","","-2,02%"
"29.03.2022","0,7955","0,8020","0,8040","0,7718","","-0,78%"
"30.03.2022","0,8005","0,7951","0,8058","0,7943","","0,62%"
"31.03.2022","0,7976","0,8005","0,8062","0,7901","","-0,35%"
"01.04.2022","0,7920","0,7973","0,7992","0,7861","","-0,70%"
"03.04.2022","0,7915","0,7921","0,7924","0,7903","","-0,06%"
"04.04.2022","0,7885","0,7913","0,7987","0,7812","","-0,39%"
"05.04.2022","0,7806","0,7886","0,8017","0,7790","","-1,00%"
"06.04.2022","0,7850","0,7806","0,7893","0,7760","","0,57%"
"07.04.2022","0,7922","0,7852","0,7928","0,7803","","0,92%"
"08.04.2022","0,7965","0,7923","0,7976","0,7844","","0,54%"
"10.04.2022","0,7965","0,7965","0,7986","0,7962","","0,00%"
"11.04.2022","0,8068","0,7967","0,8154","0,7934","","1,29%"
"12.04.2022","0,8166","0,8067","0,8231","0,7999","","1,21%"
"13.04.2022","0,8253","0,8166","0,8302","0,8151","","1,07%"
"14.04.2022","0,8246","0,8255","0,8315","0,8136","","-0,09%"
"15.04.2022","0,8252","0,8246","0,8256","0,8246","","0,07%"
"17.04.2022","0,8313","0,8252","0,8313","0,8240","","0,74%"
"18.04.2022","0,8315","0,8321","0,8428","0,8279","","0,03%"
"19.04.2022","0,8072","0,8305","0,8359","0,8059","","-2,92%"
"20.04.2022","0,8092","0,8065","0,8132","0,8004","","0,24%"
"21.04.2022","0,7919","0,8095","0,8096","0,7853","","-2,13%"
"22.04.2022","0,7769","0,7917","0,7926","0,7739","","-1,90%"
"24.04.2022","0,7758","0,7768","0,7771","0,7735","","-0,14%"
"25.04.2022","0,7617","0,7754","0,7763","0,7528","","-1,81%"
"26.04.2022","0,7590","0,7614","0,7690","0,7525","","-0,36%"
"27.04.2022","0,7501","0,7590","0,7612","0,7476","","-1,17%"
"28.04.2022","0,7452","0,7500","0,7508","0,7375","","-0,65%"
"29.04.2022","0,7327","0,7453","0,7574","0,7300","","-1,68%"
"01.05.2022","0,7325","0,7325","0,7346","0,7299","","-0,03%"
"02.05.2022","0,7279","0,7322","0,7333","0,7120","","-0,63%"
"03.05.2022","0,7267","0,7286","0,7336","0,7212","","-0,16%"
"04.05.2022","0,7399","0,7258","0,7423","0,7145","","1,81%"
"05.05.2022","0,7220","0,7399","0,7480","0,7179","","-2,42%"
"06.05.2022","0,7190","0,7223","0,7273","0,7112","","-0,41%"
"08.05.2022","0,7163","0,7192","0,7192","0,7163","","-0,37%"
"09.05.2022","0,7015","0,7167","0,7178","0,6978","","-2,07%"
"10.05.2022","0,6838","0,7015","0,7103","0,6818","","-2,53%"
"11.05.2022","0,6923","0,6836","0,7059","0,6830","","1,23%"
"12.05.2022","0,6693","0,6929","0,6964","0,6631","","-3,31%"
"13.05.2022","0,6790","0,6690","0,6790","0,6587","","1,44%"
"15.05.2022","0,6824","0,6789","0,6824","0,6785","","0,51%"
"16.05.2022","0,6946","0,6824","0,6969","0,6710","","1,79%"
"17.05.2022","0,6954","0,6946","0,7043","0,6921","","0,11%"
"18.05.2022","0,6860","0,6956","0,6991","0,6849","","-1,35%"
"19.05.2022","0,7043","0,6869","0,7067","0,6846","","2,66%"
"20.05.2022","0,6993","0,7046","0,7098","0,6949","","-0,70%"
"22.05.2022","0,7008","0,6994","0,7027","0,6994","","0,21%"
"23.05.2022","0,6995","0,7009","0,7131","0,6976","","-0,18%"
"24.05.2022","0,7115","0,6998","0,7138","0,6967","","1,71%"
"25.05.2022","0,7068","0,7115","0,7121","0,6991","","-0,66%"
"26.05.2022","0,7079","0,7070","0,7095","0,6985","","0,15%"
"27.05.2022","0,7110","0,7077","0,7213","0,7057","","0,44%"
"29.05.2022","0,7086","0,7110","0,7111","0,7079","","-0,33%"
"30.05.2022","0,7049","0,7086","0,7164","0,7047","","-0,52%"
"31.05.2022","0,6928","0,7050","0,7065","0,6912","","-1,72%"
"01.06.2022","0,7006","0,6929","0,7064","0,6893","","1,13%"
"02.06.2022","0,7196","0,7006","0,7198","0,6997","","2,71%"
"03.06.2022","0,7049","0,7200","0,7227","0,7027","","-2,04%"
"05.06.2022","0,7048","0,7048","0,7058","0,7042","","-0,02%"
"06.06.2022","0,7086","0,7051","0,7236","0,7051","","0,54%"
"07.06.2022","0,7151","0,7083","0,7165","0,7036","","0,91%"
"08.06.2022","0,7090","0,7151","0,7151","0,7018","","-0,85%"
"09.06.2022","0,6962","0,7091","0,7119","0,6930","","-1,81%"
"10.06.2022","0,7040","0,6964","0,7071","0,6851","","1,12%"
"12.06.2022","0,7040","0,7040","0,7075","0,7034","","0,00%"
"13.06.2022","0,6790","0,7045","0,7045","0,6742","","-3,56%"
"14.06.2022","0,6784","0,6795","0,6872","0,6720","","-0,09%"
"15.06.2022","0,6982","0,6782","0,7017","0,6769","","2,92%"
"16.06.2022","0,7034","0,6985","0,7063","0,6866","","0,75%"
"17.06.2022","0,6969","0,7030","0,7055","0,6939","","-0,93%"
"19.06.2022","0,6961","0,6968","0,6970","0,6921","","-0,11%"
"20.06.2022","0,6948","0,6958","0,6997","0,6908","","-0,19%"
"21.06.2022","0,6951","0,6946","0,7052","0,6867","","0,05%"
"22.06.2022","0,6877","0,6950","0,6951","0,6833","","-1,07%"
"23.06.2022","0,6757","0,6880","0,6915","0,6729","","-1,74%"
"24.06.2022","0,6798","0,6756","0,6823","0,6642","","0,60%"
"26.06.2022","0,6799","0,6796","0,6826","0,6795","","0,02%"
"27.06.2022","0,6803","0,6804","0,6923","0,6782","","0,06%"
"28.06.2022","0,6694","0,6805","0,6868","0,6688","","-1,60%"
"29.06.2022","0,6673","0,6695","0,6771","0,6636","","-0,32%"
"30.06.2022","0,6515","0,6672","0,6694","0,6490","","-2,37%"
"01.07.2022","0,6392","0,6517","0,6522","0,6235","","-1,89%"
"03.07.2022","0,6384","0,6395","0,6420","0,6381","","-0,12%"
"04.07.2022","0,6428","0,6388","0,6446","0,6357","","0,68%"
"05.07.2022","0,6184","0,6426","0,6496","0,6147","","-3,80%"
"06.07.2022","0,6169","0,6185","0,6233","0,6098","","-0,23%"
"07.07.2022","0,6191","0,6165","0,6265","0,6142","","0,34%"
"08.07.2022","0,6209","0,6191","0,6251","0,6120","","0,30%"
"10.07.2022","0,6216","0,6211","0,6227","0,6192","","0,10%"
"11.07.2022","0,6143","0,6215","0,6226","0,6131","","-1,16%"
"12.07.2022","0,6075","0,6142","0,6173","0,6036","","-1,11%"
"13.07.2022","0,6150","0,6077","0,6238","0,6066","","1,23%"
"14.07.2022","0,5933","0,6154","0,6172","0,5836","","-3,53%"
"15.07.2022","0,6016","0,5934","0,6038","0,5854","","1,41%"
"17.07.2022","0,6027","0,6016","0,6034","0,6013","","0,19%"
"18.07.2022","0,6019","0,6025","0,6111","0,5995","","-0,15%"
"19.07.2022","0,6036","0,6023","0,6079","0,5977","","0,29%"
"20.07.2022","0,6007","0,6036","0,6138","0,5987","","-0,47%"
"21.07.2022","0,6050","0,6002","0,6071","0,5866","","0,71%"
"22.07.2022","0,5977","0,6053","0,6091","0,5953","","-1,20%"
"24.07.2022","0,5961","0,5977","0,5984","0,5961","","-0,27%"
"25.07.2022","0,5917","0,5959","0,6040","0,5890","","-0,73%"
"26.07.2022","0,6004","0,5920","0,6016","0,5915","","1,47%"
"27.07.2022","0,6156","0,6004","0,6168","0,5933","","2,53%"
"28.07.2022","0,6415","0,6156","0,6437","0,6136","","4,20%"
"29.07.2022","0,6545","0,6413","0,6549","0,6393","","2,03%"
"31.07.2022","0,6501","0,6545","0,6545","0,6494","","-0,68%"
"01.08.2022","0,6537","0,6498","0,6593","0,6461","","0,55%"
"02.08.2022","0,6386","0,6530","0,6592","0,6382","","-2,31%"
"03.08.2022","0,6430","0,6388","0,6485","0,6364","","0,69%"
"04.08.2022","0,6495","0,6427","0,6552","0,6420","","1,01%"
"05.08.2022","0,6398","0,6498","0,6533","0,6290","","-1,49%"
"07.08.2022","0,6374","0,6397","0,6397","0,6370","","-0,38%"
"08.08.2022","0,6659","0,6375","0,6664","0,6365","","4,48%"
"09.08.2022","0,6597","0,6656","0,6666","0,6564","","-0,93%"
"10.08.2022","0,6620","0,6597","0,6700","0,6544","","0,35%"
"11.08.2022","0,6519","0,6622","0,6633","0,6514","","-1,52%"
"12.08.2022","0,6687","0,6519","0,6697","0,6509","","2,58%"
"14.08.2022","0,6680","0,6687","0,6696","0,6674","","-0,10%"
"15.08.2022","0,6509","0,6679","0,6708","0,6463","","-2,57%"
"16.08.2022","0,6473","0,6510","0,6516","0,6410","","-0,56%"
"17.08.2022","0,6373","0,6474","0,6517","0,6336","","-1,54%"
"18.08.2022","0,6274","0,6372","0,6408","0,6267","","-1,56%"
"19.08.2022","0,6125","0,6274","0,6274","0,6121","","-2,37%"
"21.08.2022","0,6110","0,6125","0,6134","0,6104","","-0,24%"
"22.08.2022","0,6095","0,6109","0,6158","0,6022","","-0,26%"
"23.08.2022","0,6137","0,6099","0,6200","0,6047","","0,70%"
"24.08.2022","0,6147","0,6139","0,6181","0,6097","","0,16%"
"25.08.2022","0,6173","0,6149","0,6237","0,6143","","0,42%"
"26.08.2022","0,6077","0,6177","0,6241","0,6056","","-1,56%"
"28.08.2022","0,6026","0,6076","0,6078","0,6022","","-0,84%"
"29.08.2022","0,6044","0,6025","0,6077","0,5954","","0,30%"
"30.08.2022","0,5919","0,6042","0,6057","0,5903","","-2,07%"
"31.08.2022","0,5761","0,5919","0,5961","0,5757","","-2,66%"
"01.09.2022","0,5736","0,5761","0,5761","0,5649","","-0,44%"
"02.09.2022","0,5805","0,5733","0,5877","0,5718","","1,20%"
"04.09.2022","0,5773","0,5805","0,5805","0,5773","","-0,54%"
"05.09.2022","0,5857","0,5774","0,5866","0,5774","","1,45%"
"06.09.2022","0,5780","0,5857","0,5968","0,5772","","-1,30%"
"07.09.2022","0,5931","0,5781","0,5941","0,5739","","2,60%"
"08.09.2022","0,5971","0,5932","0,6020","0,5892","","0,69%"
"09.09.2022","0,6059","0,5972","0,6092","0,5968","","1,46%"
"11.09.2022","0,6085","0,6056","0,6108","0,6056","","0,44%"
"12.09.2022","0,6380","0,6085","0,6430","0,6058","","4,84%"
"13.09.2022","0,6223","0,6382","0,6411","0,6204","","-2,46%"
"14.09.2022","0,6317","0,6221","0,6332","0,6187","","1,51%"
"15.09.2022","0,6100","0,6316","0,6319","0,6080","","-3,44%"
"16.09.2022","0,6295","0,6102","0,6308","0,6042","","3,21%"
"18.09.2022","0,6305","0,6294","0,6318","0,6278","","0,16%"
"19.09.2022","0,6280","0,6311","0,6315","0,6181","","-0,41%"
"20.09.2022","0,6204","0,6283","0,6294","0,6133","","-1,21%"
"21.09.2022","0,6257","0,6202","0,6401","0,6190","","0,86%"
"22.09.2022","0,6326","0,6258","0,6385","0,6189","","1,10%"
"23.09.2022","0,6067","0,6326","0,6338","0,6039","","-4,09%"
"25.09.2022","0,6040","0,6069","0,6073","0,6019","","-0,45%"
"26.09.2022","0,5927","0,6042","0,6118","0,5894","","-1,87%"
"27.09.2022","0,5911","0,5930","0,6040","0,5891","","-0,27%"
"28.09.2022","0,6058","0,5910","0,6100","0,5781","","2,50%"
"29.09.2022","0,6078","0,6057","0,6079","0,5950","","0,32%"
"30.09.2022","0,6120","0,6078","0,6201","0,6037","","0,69%"
"02.10.2022","0,6145","0,6119","0,6158","0,6115","","0,41%"
"03.10.2022","0,6677","0,6144","0,6700","0,6129","","8,65%"
"04.10.2022","0,6758","0,6677","0,6828","0,6630","","1,22%"
"05.10.2022","0,6650","0,6755","0,6763","0,6417","","-1,60%"
"06.10.2022","0,6623","0,6648","0,6710","0,6551","","-0,41%"
"07.10.2022","0,6476","0,6626","0,6695","0,6432","","-2,21%"
"09.10.2022","0,6472","0,6475","0,6490","0,6460","","-0,07%"
"10.10.2022","0,6312","0,6470","0,6476","0,6276","","-2,47%"
"11.10.2022","0,6150","0,6310","0,6340","0,6134","","-2,58%"
"12.10.2022","0,6130","0,6153","0,6208","0,6065","","-0,32%"
"13.10.2022","0,6067","0,6126","0,6205","0,5941","","-1,02%"
"14.10.2022","0,5873","0,6063","0,6129","0,5819","","-3,19%"
"16.10.2022","0,5916","0,5874","0,5916","0,5870","","0,73%"
"17.10.2022","0,5998","0,5913","0,6089","0,5900","","1,39%"
"18.10.2022","0,6035","0,6000","0,6083","0,5964","","0,61%"
"19.10.2022","0,5919","0,6035","0,6044","0,5906","","-1,92%"
"20.10.2022","0,5983","0,5920","0,6102","0,5862","","1,08%"
"21.10.2022","0,6241","0,5984","0,6242","0,5880","","4,31%"
"23.10.2022","0,6261","0,6240","0,6325","0,6234","","0,32%"
"24.10.2022","0,6206","0,6255","0,6267","0,6117","","-0,88%"
"25.10.2022","0,6214","0,6204","0,6247","0,6043","","0,13%"
"26.10.2022","0,6305","0,6212","0,6357","0,6178","","1,47%"
"27.10.2022","0,6284","0,6300","0,6323","0,6205","","-0,33%"
"28.10.2022","0,6195","0,6288","0,6314","0,6113","","-1,43%"
"30.10.2022","0,6179","0,6195","0,6195","0,6165","","-0,26%"
"31.10.2022","0,6162","0,6184","0,6192","0,6080","","-0,27%"
"01.11.2022","0,6310","0,6159","0,6435","0,6159","","2,40%"
"02.11.2022","0,6160","0,6312","0,6450","0,6145","","-2,38%"
"03.11.2022","0,6256","0,6155","0,6284","0,6058","","1,55%"
"04.11.2022","0,6706","0,6255","0,6721","0,6244","","7,21%"
"06.11.2022","0,6598","0,6706","0,6707","0,6573","","-1,61%"
"07.11.2022","0,6677","0,6599","0,6752","0,6556","","1,19%"
"08.11.2022","0,6875","0,6673","0,6951","0,6589","","2,97%"
"09.11.2022","0,6767","0,6871","0,6935","0,6753","","-1,58%"
"10.11.2022","0,6946","0,6766","0,7016","0,6738","","2,65%"
"11.11.2022","0,6977","0,6950","0,7088","0,6865","","0,45%"
"13.11.2022","0,6943","0,6977","0,6981","0,6931","","-0,49%"
"14.11.2022","0,7051","0,6940","0,7101","0,6848","","1,55%"
"15.11.2022","0,6943","0,7052","0,7146","0,6882","","-1,53%"
"16.11.2022","0,6900","0,6945","0,7085","0,6881","","-0,61%"
"17.11.2022","0,6731","0,6903","0,6903","0,6677","","-2,46%"
"18.11.2022","0,6735","0,6789","0,6843","0,6701","","0,06%"
"20.11.2022","0,6753","0,6734","0,6756","0,6734","","0,27%"
"21.11.2022","0,6708","0,6753","0,6753","0,6620","","-0,66%"
"22.11.2022","0,6779","0,6708","0,6857","0,6704","","1,06%"
"23.11.2022","0,6938","0,6782","0,6938","0,6725","","2,34%"
"24.11.2022","0,6910","0,6944","0,6968","0,6901","","-0,40%"
"25.11.2022","0,6904","0,6914","0,6927","0,6805","","-0,09%"
"27.11.2022","0,6840","0,6899","0,6904","0,6840","","-0,93%"
"28.11.2022","0,6727","0,6843","0,6945","0,6711","","-1,65%"
"29.11.2022","0,6823","0,6726","0,6894","0,6722","","1,43%"
"30.11.2022","0,7185","0,6821","0,7204","0,6817","","5,30%"
"01.12.2022","0,7300","0,7182","0,7324","0,7091","","1,59%"
"02.12.2022","0,7442","0,7300","0,7469","0,7176","","1,95%"
"04.12.2022","0,7473","0,7442","0,7481","0,7420","","0,41%"
"05.12.2022","0,7155","0,7476","0,7556","0,7128","","-4,26%"
"06.12.2022","0,7132","0,7152","0,7266","0,7088","","-0,31%"
"07.12.2022","0,7305","0,7130","0,7335","0,7104","","2,42%"
"08.12.2022","0,7425","0,7306","0,7458","0,7250","","1,65%"
"09.12.2022","0,7549","0,7423","0,7612","0,7384","","1,66%"
"11.12.2022","0,7509","0,7549","0,7549","0,7509","","-0,53%"
"12.12.2022","0,7507","0,7508","0,7562","0,7433","","-0,03%"
"13.12.2022","0,7618","0,7506","0,7752","0,7493","","1,48%"
"14.12.2022","0,7680","0,7617","0,7750","0,7538","","0,81%"
"15.12.2022","0,7414","0,7678","0,7680","0,7390","","-3,45%"
"16.12.2022","0,7465","0,7414","0,7472","0,7254","","0,68%"
"18.12.2022","0,7443","0,7465","0,7468","0,7443","","-0,29%"
"19.12.2022","0,7390","0,7444","0,7524","0,7347","","-0,71%"
"20.12.2022","0,7759","0,7389","0,7795","0,7360","","4,98%"
"21.12.2022","0,7703","0,7758","0,7808","0,7663","","-0,72%"
"22.12.2022","0,7584","0,7702","0,7744","0,7520","","-1,54%"
"23.12.2022","0,7631","0,7585","0,7670","0,7564","","0,62%"
"25.12.2022","0,7633","0,7631","0,7633","0,7631","","0,03%"
"26.12.2022","0,7668","0,7633","0,7704","0,7633","","0,45%"
"27.12.2022","0,7725","0,7663","0,7805","0,7650","","0,74%"
"28.12.2022","0,7569","0,7725","0,7739","0,7546","","-2,02%"
"29.12.2022","0,7677","0,7569","0,7733","0,7563","","1,44%"
"30.12.2022","0,7703","0,7676","0,7759","0,7565","","0,34%"
"01.01.2023","0,7705","0,7703","0,7705","0,7703","","0,02%"
"02.01.2023","0,7746","0,7705","0,7763","0,7705","","0,53%"
"03.01.2023","0,7708","0,7747","0,7888","0,7681","","-0,48%"
"04.01.2023","0,7655","0,7707","0,7857","0,7594","","-0,70%"
"05.01.2023","0,7466","0,7652","0,7690","0,7435","","-2,46%"
"06.01.2023","0,7661","0,7467","0,7686","0,7461","","2,61%"
"08.01.2023","0,7719","0,7661","0,7728","0,7659","","0,75%"
"09.01.2023","0,7606","0,7720","0,7749","0,7584","","-1,46%"
"10.01.2023","0,7593","0,7604","0,7639","0,7538","","-0,17%"
"11.01.2023","0,7537","0,7592","0,7729","0,7467","","-0,74%"
"12.01.2023","0,7655","0,7534","0,7763","0,7527","","1,57%"
"13.01.2023","0,7802","0,7657","0,7810","0,7558","","1,92%"
"15.01.2023","0,7808","0,7803","0,7815","0,7787","","0,07%"
"16.01.2023","0,7811","0,7807","0,7881","0,7696","","0,04%"
"17.01.2023","0,7701","0,7811","0,7831","0,7662","","-1,41%"
"18.01.2023","0,7554","0,7701","0,7822","0,7533","","-1,90%"
"19.01.2023","0,7675","0,7553","0,7696","0,7453","","1,59%"
"20.01.2023","0,7697","0,7674","0,7739","0,7626","","0,29%"
"22.01.2023","0,7717","0,7697","0,7721","0,7696","","0,26%"
"23.01.2023","0,7525","0,7720","0,7767","0,7323","","-2,49%"
"24.01.2023","0,7599","0,7530","0,7630","0,7468","","0,98%"
"25.01.2023","0,7705","0,7598","0,7708","0,7507","","1,40%"
"26.01.2023","0,7691","0,7708","0,7803","0,7591","","-0,19%"
"27.01.2023","0,7589","0,7688","0,7717","0,7495","","-1,33%"
"29.01.2023","0,7602","0,7589","0,7602","0,7580","","0,18%"
"30.01.2023","0,7581","0,7602","0,7653","0,7570","","-0,27%"
"31.01.2023","0,7612","0,7578","0,7641","0,7387","","0,41%"
"01.02.2023","0,7732","0,7611","0,7743","0,7513","","1,58%"
"02.02.2023","0,7547","0,7740","0,7898","0,7531","","-2,39%"
"03.02.2023","0,7191","0,7546","0,7589","0,7169","","-4,72%"
"05.02.2023","0,7162","0,7191","0,7202","0,7153","","-0,41%"
"06.02.2023","0,7164","0,7162","0,7269","0,7124","","0,03%"
"07.02.2023","0,7143","0,7165","0,7220","0,7092","","-0,29%"
"08.02.2023","0,7170","0,7143","0,7246","0,7143","","0,37%"
"09.02.2023","0,7061","0,7169","0,7259","0,7045","","-1,52%"